dataset,scenario,R,stitched_R,Lsearch,build_time_s,index_size_mb,recall@10,qps,latency_us,status,timestamp
LAION1M,containment,32,32,100,249.4378046989441,4196.791725158691,0.4073,8637.57,1829.13,success,2026-02-02T23:08:36.424992
LAION1M,containment,32,32,200,249.4378046989441,4196.791725158691,0.4643,5180.97,3053.53,success,2026-02-02T23:08:38.807266
LAION1M,containment,32,32,500,249.4378046989441,4196.791725158691,0.5047,2553.13,6202.84,success,2026-02-02T23:08:41.395678
LAION1M,containment,32,32,1000,249.4378046989441,4196.791725158691,0.5185,1454.25,10897.91,success,2026-02-02T23:08:44.278769
LAION1M,containment,32,32,2000,249.4378046989441,4196.791725158691,0.5302,787.56,20153.22,success,2026-02-02T23:08:47.747218
LAION1M,overlap,32,32,100,249.4378046989441,4196.791725158691,0.5516,8709.15,1815.71,success,2026-02-02T23:08:50.053808
LAION1M,overlap,32,32,200,249.4378046989441,4196.791725158691,0.5529999999999999,5244.25,3023.7,success,2026-02-02T23:08:52.437459
LAION1M,overlap,32,32,500,249.4378046989441,4196.791725158691,0.5542,2560.2,6202.12,success,2026-02-02T23:08:55.019389
LAION1M,overlap,32,32,1000,249.4378046989441,4196.791725158691,0.5548,1458.93,10891.59,success,2026-02-02T23:08:57.899830
LAION1M,overlap,32,32,2000,249.4378046989441,4196.791725158691,0.5552,790.03,20132.58,success,2026-02-02T23:09:01.362181
LAION1M,equality,32,32,100,249.4378046989441,4196.791725158691,0.3329,8622.89,1835.03,success,2026-02-02T23:09:03.659663
LAION1M,equality,32,32,200,249.4378046989441,4196.791725158691,0.4061,5231.59,3029.22,success,2026-02-02T23:09:06.041606
LAION1M,equality,32,32,500,249.4378046989441,4196.791725158691,0.46299999999999997,2581.36,6152.07,success,2026-02-02T23:09:08.622616
LAION1M,equality,32,32,1000,249.4378046989441,4196.791725158691,0.48979999999999996,1468.78,10826.41,success,2026-02-02T23:09:11.499226
LAION1M,equality,32,32,2000,249.4378046989441,4196.791725158691,0.507,796.46,19991.64,success,2026-02-02T23:09:14.947926
LAION1M,containment,64,32,100,291.83011388778687,4271.433451652527,0.40740000000000004,8955.04,1763.74,success,2026-02-02T23:14:09.879972
LAION1M,containment,64,32,200,291.83011388778687,4271.433451652527,0.46490000000000004,5441.99,2906.52,success,2026-02-02T23:14:12.263954
LAION1M,containment,64,32,500,291.83011388778687,4271.433451652527,0.5047999999999999,2662.06,5951.1,success,2026-02-02T23:14:14.844999
LAION1M,containment,64,32,1000,291.83011388778687,4271.433451652527,0.5186,1513.4,10475.75,success,2026-02-02T23:14:17.704246
LAION1M,containment,64,32,2000,291.83011388778687,4271.433451652527,0.5301,815.39,19465.88,success,2026-02-02T23:14:21.127536
LAION1M,overlap,64,32,100,291.83011388778687,4271.433451652527,0.5506,8985.92,1759.02,success,2026-02-02T23:14:23.430158
LAION1M,overlap,64,32,200,291.83011388778687,4271.433451652527,0.5536,5470.7,2896.39,success,2026-02-02T23:14:25.798632
LAION1M,overlap,64,32,500,291.83011388778687,4271.433451652527,0.5547,2675.89,5930.12,success,2026-02-02T23:14:28.352059
LAION1M,overlap,64,32,1000,291.83011388778687,4271.433451652527,0.5550999999999999,1515.57,10486.86,success,2026-02-02T23:14:31.189158
LAION1M,overlap,64,32,2000,291.83011388778687,4271.433451652527,0.5553,816.43,19490.17,success,2026-02-02T23:14:34.599853
LAION1M,equality,64,32,100,291.83011388778687,4271.433451652527,0.3335,8868.44,1782.33,success,2026-02-02T23:14:36.883731
LAION1M,equality,64,32,200,291.83011388778687,4271.433451652527,0.40659999999999996,5438.51,2914.56,success,2026-02-02T23:14:39.233649
LAION1M,equality,64,32,500,291.83011388778687,4271.433451652527,0.4636,2682.86,5918.27,success,2026-02-02T23:14:41.786461
LAION1M,equality,64,32,1000,291.83011388778687,4271.433451652527,0.4901,1529.94,10393.79,success,2026-02-02T23:14:44.628172
LAION1M,equality,64,32,2000,291.83011388778687,4271.433451652527,0.5073,824.11,19322.65,success,2026-02-02T23:14:48.034634
LAION1M,containment,64,64,100,289.56357431411743,4343.05860042572,0.4068,5589.84,2831.9,success,2026-02-02T23:19:40.860927
LAION1M,containment,64,64,200,289.56357431411743,4343.05860042572,0.46399999999999997,3399.43,4658.07,success,2026-02-02T23:19:43.424699
LAION1M,containment,64,64,500,289.56357431411743,4343.05860042572,0.5051,1731.68,9141.77,success,2026-02-02T23:19:46.265724
LAION1M,containment,64,64,1000,289.56357431411743,4343.05860042572,0.5184000000000001,1021.09,15502.32,success,2026-02-02T23:19:49.499957
LAION1M,containment,64,64,2000,289.56357431411743,4343.05860042572,0.5302,578.08,27404.89,success,2026-02-02T23:19:53.504059
LAION1M,overlap,64,64,100,289.56357431411743,4343.05860042572,0.5538000000000001,5617.13,2821.96,success,2026-02-02T23:19:55.940285
LAION1M,overlap,64,64,200,289.56357431411743,4343.05860042572,0.5546,3419.19,4638.27,success,2026-02-02T23:19:58.484220
LAION1M,overlap,64,64,500,289.56357431411743,4343.05860042572,0.5550999999999999,1735.27,9147.02,success,2026-02-02T23:20:01.305070
LAION1M,overlap,64,64,1000,289.56357431411743,4343.05860042572,0.5554,1023.73,15508.51,success,2026-02-02T23:20:04.554820
LAION1M,overlap,64,64,2000,289.56357431411743,4343.05860042572,0.5555,578.88,27434.7,success,2026-02-02T23:20:08.550534
LAION1M,equality,64,64,100,289.56357431411743,4343.05860042572,0.3319,5611.19,2823.72,success,2026-02-02T23:20:11.000837
LAION1M,equality,64,64,200,289.56357431411743,4343.05860042572,0.4054,3437.07,4616.7,success,2026-02-02T23:20:13.557903
LAION1M,equality,64,64,500,289.56357431411743,4343.05860042572,0.4631,1752.78,9062.74,success,2026-02-02T23:20:16.395679
LAION1M,equality,64,64,1000,289.56357431411743,4343.05860042572,0.4892,1036.84,15328.41,success,2026-02-02T23:20:19.639087
LAION1M,equality,64,64,2000,289.56357431411743,4343.05860042572,0.5073,586.31,27132.17,success,2026-02-02T23:20:23.612729
LAION1M,containment,128,32,100,318.09663224220276,4322.8364000320435,0.40740000000000004,9035.06,1747.92,success,2026-02-02T23:25:44.856767
LAION1M,containment,128,32,200,318.09663224220276,4322.8364000320435,0.4644,5533.17,2858.95,success,2026-02-02T23:25:47.232530
LAION1M,containment,128,32,500,318.09663224220276,4322.8364000320435,0.5049,2733.98,5796.87,success,2026-02-02T23:25:49.796149
LAION1M,containment,128,32,1000,318.09663224220276,4322.8364000320435,0.5188,1545.74,10259.99,success,2026-02-02T23:25:52.638316
LAION1M,containment,128,32,2000,318.09663224220276,4322.8364000320435,0.5307,832.21,19075.72,success,2026-02-02T23:25:56.052878
LAION1M,overlap,128,32,100,318.09663224220276,4322.8364000320435,0.5481,9184.03,1721.62,success,2026-02-02T23:25:58.358669
LAION1M,overlap,128,32,200,318.09663224220276,4322.8364000320435,0.5529999999999999,5586.93,2836.44,success,2026-02-02T23:26:00.726474
LAION1M,overlap,128,32,500,318.09663224220276,4322.8364000320435,0.555,2744.29,5784.54,success,2026-02-02T23:26:03.278291
LAION1M,overlap,128,32,1000,318.09663224220276,4322.8364000320435,0.5553,1551.2,10242.09,success,2026-02-02T23:26:06.120169
LAION1M,overlap,128,32,2000,318.09663224220276,4322.8364000320435,0.5554,833.26,19092.83,success,2026-02-02T23:26:09.511673
LAION1M,equality,128,32,100,318.09663224220276,4322.8364000320435,0.3344,9051.15,1746.94,success,2026-02-02T23:26:11.812694
LAION1M,equality,128,32,200,318.09663224220276,4322.8364000320435,0.4065,5567.74,2845.54,success,2026-02-02T23:26:14.179612
LAION1M,equality,128,32,500,318.09663224220276,4322.8364000320435,0.4636,2754.47,5765.05,success,2026-02-02T23:26:16.729874
LAION1M,equality,128,32,1000,318.09663224220276,4322.8364000320435,0.4901,1552.78,10236.18,success,2026-02-02T23:26:19.560740
LAION1M,equality,128,32,2000,318.09663224220276,4322.8364000320435,0.5075999999999999,840.61,18935.77,success,2026-02-02T23:26:22.963407
LAION1M,containment,128,64,100,318.1674928665161,4397.47355556488,0.4073,5627.48,2813.03,success,2026-02-02T23:31:44.377252
LAION1M,containment,128,64,200,318.1674928665161,4397.47355556488,0.4646,3436.35,4609.26,success,2026-02-02T23:31:46.936243
LAION1M,containment,128,64,500,318.1674928665161,4397.47355556488,0.5056,1747.74,9061.82,success,2026-02-02T23:31:49.768785
LAION1M,containment,128,64,1000,318.1674928665161,4397.47355556488,0.5189,1035.76,15297.82,success,2026-02-02T23:31:52.987111
LAION1M,containment,128,64,2000,318.1674928665161,4397.47355556488,0.5309,584.11,27137.08,success,2026-02-02T23:31:56.964756
LAION1M,overlap,128,64,100,318.1674928665161,4397.47355556488,0.5539000000000001,5680.85,2790.36,success,2026-02-02T23:31:59.399462
LAION1M,overlap,128,64,200,318.1674928665161,4397.47355556488,0.5548,3445.08,4603.44,success,2026-02-02T23:32:01.945187
LAION1M,overlap,128,64,500,318.1674928665161,4397.47355556488,0.5555,1754.08,9041.87,success,2026-02-02T23:32:04.774318
LAION1M,overlap,128,64,1000,318.1674928665161,4397.47355556488,0.5557,1035.59,15331.82,success,2026-02-02T23:32:08.004684
LAION1M,overlap,128,64,2000,318.1674928665161,4397.47355556488,0.5558,585.61,27120.4,success,2026-02-02T23:32:11.976162
LAION1M,equality,128,64,100,318.1674928665161,4397.47355556488,0.3326,5670.08,2796.14,success,2026-02-02T23:32:14.416729
LAION1M,equality,128,64,200,318.1674928665161,4397.47355556488,0.4057,3463.94,4579.81,success,2026-02-02T23:32:16.976883
LAION1M,equality,128,64,500,318.1674928665161,4397.47355556488,0.4632,1772.13,8966.34,success,2026-02-02T23:32:19.803544
LAION1M,equality,128,64,1000,318.1674928665161,4397.47355556488,0.4894,1048.02,15167.38,success,2026-02-02T23:32:22.985372
LAION1M,equality,128,64,2000,318.1674928665161,4397.47355556488,0.5072,592.06,26883.41,success,2026-02-02T23:32:26.937942
LAION1M,containment,128,96,100,316.7000370025635,4439.891579627991,0.4071,4555.09,3475.56,success,2026-02-02T23:37:46.955750
LAION1M,containment,128,96,200,316.7000370025635,4439.891579627991,0.46399999999999997,2799.76,5654.54,success,2026-02-02T23:37:49.640430
LAION1M,containment,128,96,500,316.7000370025635,4439.891579627991,0.5057,1450.18,10910.49,success,2026-02-02T23:37:52.652646
LAION1M,containment,128,96,1000,316.7000370025635,4439.891579627991,0.5191,870.24,18187.53,success,2026-02-02T23:37:56.121513
LAION1M,containment,128,96,2000,316.7000370025635,4439.891579627991,0.5314,500.48,31635.23,success,2026-02-02T23:38:00.438754
LAION1M,overlap,128,96,100,316.7000370025635,4439.891579627991,0.5545,4563.04,3471.12,success,2026-02-02T23:38:02.972609
LAION1M,overlap,128,96,200,316.7000370025635,4439.891579627991,0.5549000000000001,2804.62,5651.16,success,2026-02-02T23:38:05.639176
LAION1M,overlap,128,96,500,316.7000370025635,4439.891579627991,0.5558,1451.83,10927.6,success,2026-02-02T23:38:08.634427
LAION1M,overlap,128,96,1000,316.7000370025635,4439.891579627991,0.5559000000000001,872.08,18194.78,success,2026-02-02T23:38:12.083725
LAION1M,overlap,128,96,2000,316.7000370025635,4439.891579627991,0.556,501.7,31645.25,success,2026-02-02T23:38:16.393304
LAION1M,equality,128,96,100,316.7000370025635,4439.891579627991,0.332,4577.0,3466.39,success,2026-02-02T23:38:18.921953
LAION1M,equality,128,96,200,316.7000370025635,4439.891579627991,0.4052,2832.53,5606.16,success,2026-02-02T23:38:21.596396
LAION1M,equality,128,96,500,316.7000370025635,4439.891579627991,0.4632,1470.13,10814.82,success,2026-02-02T23:38:24.575605
LAION1M,equality,128,96,1000,316.7000370025635,4439.891579627991,0.4892,882.75,18012.55,success,2026-02-02T23:38:28.013745
LAION1M,equality,128,96,2000,316.7000370025635,4439.891579627991,0.5073,508.63,31278.04,success,2026-02-02T23:38:32.296577
