dataset,scenario,step,median_us,p95_us,p99_us,n_samples
synth_192d,and,selectivity_roaring,8.171889930963516,27.731992304325104,36.82519309222698,100000
synth_192d,and,feature_build_and_scale,2.353917807340622,2.4528708308935165,3.9460137486457825,100000
synth_192d,and,mlp_forward_manual,41.141873225569725,43.91605034470558,45.727938413619995,100000
synth_192d,and,plain_argmax,0.43981708586215973,0.4908069968223572,0.9320210665464401,100000
synth_192d,and,plain_config_lookup,0.2400483936071396,2.6139896363019943,2.734130248427391,100000
synth_192d,and,strict_gate,0.45099295675754547,0.5301553755998611,1.032138243317604,100000
synth_192d,and,strict_lookup_global_qps,0.4009343683719635,1.7029233276844025,1.8121208995580673,100000
synth_192d,or,selectivity_roaring,24.07585270702839,65.57885790243745,87.4510570429265,100000
synth_192d,or,feature_build_and_scale,2.3730099201202393,2.4640467017889023,4.4461409561336005,100000
synth_192d,or,mlp_forward_manual,41.16212949156761,43.876003473997116,45.93888530507684,100000
synth_192d,or,plain_argmax,0.4409812390804291,0.49103982746601105,1.010950654745102,100000
synth_192d,or,plain_config_lookup,3.2240059226751328,3.3848918974399567,4.146024584770198,100000
synth_192d,or,strict_gate,0.45099295675754547,0.5110632628202438,0.8009374141693115,100000
synth_192d,or,strict_lookup_global_qps,5.107838660478592,5.357898771762848,6.529968231916428,100000
synth_192d,equal,selectivity_roaring,0.4200264811515808,0.46100467443466187,0.6610061973333359,100000
synth_192d,equal,feature_build_and_scale,2.362998202443123,2.4528708308935165,3.1441450119018555,100000
synth_192d,equal,mlp_forward_manual,41.111838072538376,43.5349065810442,45.32793536782265,100000
synth_192d,equal,plain_argmax,0.4400499165058136,0.48102810978889465,0.8610077202320099,100000
synth_192d,equal,plain_config_lookup,0.2400483936071396,2.6740599423646927,2.7441419661045074,100000
synth_192d,equal,strict_gate,0.45099295675754547,0.5210749804973602,0.7811468094587326,100000
synth_192d,equal,strict_lookup_global_qps,0.38999132812023163,1.7029233276844025,1.7629936337471008,100000
synth_512d,and,selectivity_roaring,22.012973204255104,36.13391891121864,38.92905078828335,100000
synth_512d,and,feature_build_and_scale,2.362998202443123,2.4440232664346695,4.456844180822372,100000
synth_512d,and,mlp_forward_manual,41.07109270989895,43.82617771625519,45.647844672203064,100000
synth_512d,and,plain_argmax,0.4309695214033127,0.48102810978889465,1.0011787526309455,100000
synth_512d,and,plain_config_lookup,0.2400483936071396,1.5120021998882294,1.6419216990470886,100000
synth_512d,and,strict_gate,0.46100467443466187,0.541098415851593,0.8409842848777771,100000
synth_512d,and,strict_lookup_global_qps,2.5739427655935287,2.7739442884922028,4.10606851801271,100000
synth_512d,or,selectivity_roaring,52.01797466725111,91.8784411624073,104.46691885590553,100000
synth_512d,or,feature_build_and_scale,2.3730099201202393,2.4740584194660187,5.387933924794197,100000
synth_512d,or,mlp_forward_manual,41.27202555537224,43.94585266709328,47.35100083053112,100000
synth_512d,or,plain_argmax,0.4300381988286972,0.48102810978889465,1.1909403838217199,100000
synth_512d,or,plain_config_lookup,0.24097971618175507,1.9629951566457748,2.1031592041254044,100000
synth_512d,or,strict_gate,0.47101639211177826,0.5511101335287094,0.9008217602968216,100000
synth_512d,or,strict_lookup_global_qps,3.6850105971097946,3.9259903132915497,6.009126082062721,100000
synth_512d,equal,selectivity_roaring,0.4109460860490799,0.46100467443466187,0.6610061973333359,100000
synth_512d,equal,feature_build_and_scale,2.364162355661392,2.454034984111786,3.194902092218399,100000
synth_512d,equal,mlp_forward_manual,41.100895032286644,43.51582610979676,45.31792365014553,100000
synth_512d,equal,plain_argmax,0.4309695214033127,0.48102810978889465,0.8309725672006607,100000
synth_512d,equal,plain_config_lookup,0.2400483936071396,1.543201506137848,1.6118865460157394,100000
synth_512d,equal,strict_gate,0.46100467443466187,0.541098415851593,0.8011702448129654,100000
synth_512d,equal,strict_lookup_global_qps,1.9629951566457748,2.142973244190216,2.4641351774334446,100000
synth_768d_hc,and,selectivity_roaring,5.0370581448078156,18.77802424132824,30.21615091711278,100000
synth_768d_hc,and,feature_build_and_scale,2.3441389203071594,2.443091943860054,3.6158622242510305,100000
synth_768d_hc,and,mlp_forward_manual,41.16212949156761,43.75609569251537,45.37799395620823,100000
synth_768d_hc,and,plain_argmax,0.4309695214033127,0.48102810978889465,0.8910428732633591,100000
synth_768d_hc,and,plain_config_lookup,0.2400483936071396,2.043088898062706,2.112938091158867,100000
synth_768d_hc,and,strict_gate,0.45006163418293,0.5210749804973602,0.7809139788150787,100000
synth_768d_hc,and,strict_lookup_global_qps,0.3909226506948471,1.291045919060707,1.3420358300209045,100000
synth_768d_hc,or,selectivity_roaring,9.253155440092087,24.76782537996769,38.738129660487175,100000
synth_768d_hc,or,feature_build_and_scale,2.353917807340622,2.454034984111786,3.786059096455574,100000
synth_768d_hc,or,mlp_forward_manual,41.16096533834934,43.806154280900955,45.318156480789185,100000
synth_768d_hc,or,plain_argmax,0.4309695214033127,0.48102810978889465,0.9320210665464401,100000
synth_768d_hc,or,plain_config_lookup,2.4940818548202515,2.65403650701046,3.51504422724247,100000
synth_768d_hc,or,strict_gate,0.4600733518600464,0.5310866981744766,0.760890543460846,100000
synth_768d_hc,or,strict_lookup_global_qps,2.9050279408693314,3.074994310736656,3.8759317249059677,100000
synth_768d_hc,equal,selectivity_roaring,0.4300381988286972,0.48102810978889465,0.6610061973333359,100000
synth_768d_hc,equal,feature_build_and_scale,2.362998202443123,2.4440232664346695,3.1650997698307037,100000
synth_768d_hc,equal,mlp_forward_manual,41.070859879255295,43.49485971033573,45.318014454096506,100000
synth_768d_hc,equal,plain_argmax,0.4309695214033127,0.48102810978889465,0.8209608495235443,100000
synth_768d_hc,equal,plain_config_lookup,0.23120082914829254,2.0531006157398224,2.1131709218025208,100000
synth_768d_hc,equal,strict_gate,0.45099295675754547,0.5210749804973602,0.7511116564273834,100000
synth_768d_hc,equal,strict_lookup_global_qps,0.391155481338501,1.2819655239582062,1.3320241123437881,100000
yahoo800k,and,selectivity_roaring,9.182840585708618,28.632814064621925,33.96114334464073,100000
yahoo800k,and,feature_build_and_scale,2.3730099201202393,2.473127096891403,4.326927009969949,100000
yahoo800k,and,mlp_forward_manual,41.22103564441204,43.9260620623827,45.79802975058555,100000
yahoo800k,and,plain_argmax,0.4400499165058136,0.4908069968223572,1.0118843056261528,100000
yahoo800k,and,plain_config_lookup,1.9529834389686584,2.0940788090229034,2.9238988645374713,100000
yahoo800k,and,strict_gate,0.4600733518600464,0.5408655852079391,0.7711350917816162,100000
yahoo800k,and,strict_lookup_global_qps,3.014924004673958,3.214925527572632,4.03611920773983,100000
yahoo800k,or,selectivity_roaring,14.340970665216446,21.281884983181953,23.253969848155972,100000
yahoo800k,or,feature_build_and_scale,2.3730099201202393,2.4740584194660187,4.487200640141918,100000
yahoo800k,or,mlp_forward_manual,41.072024032473564,43.825944885611534,45.598018914461136,100000
yahoo800k,or,plain_argmax,0.43120235204696655,0.4898756742477417,0.9909295476973045,100000
yahoo800k,or,plain_config_lookup,0.8111819624900818,0.9308569133281708,1.643085852265358,100000
yahoo800k,or,strict_gate,0.46100467443466187,0.5508773028850555,0.7511116564273834,100000
yahoo800k,or,strict_lookup_global_qps,3.1550880521535873,3.3348333090543747,4.597008228302002,100000
yahoo800k,equal,selectivity_roaring,0.4209578037261963,0.47101639211177826,0.6810296326875687,100000
yahoo800k,equal,feature_build_and_scale,2.3639295250177383,2.4640467017889023,3.1748786568641663,100000
yahoo800k,equal,mlp_forward_manual,41.070859879255295,43.49485971033573,45.3379494138062,100000
yahoo800k,equal,plain_argmax,0.4309695214033127,0.48102810978889465,0.8509960025548935,100000
yahoo800k,equal,plain_config_lookup,1.9420403987169266,2.0829029381275177,2.5441404432058334,100000
yahoo800k,equal,strict_gate,0.45099295675754547,0.5399342626333237,0.7310882210731506,100000
yahoo800k,equal,strict_lookup_global_qps,2.9441434890031815,3.133900463581085,3.786059096455574,100000
dbpedia560k,and,selectivity_roaring,9.894836694002151,21.753134205937386,24.217180907726288,100000
dbpedia560k,and,feature_build_and_scale,2.362998202443123,2.454034984111786,3.975816071033478,100000
dbpedia560k,and,mlp_forward_manual,41.312072426080704,43.915119022130966,45.58800719678402,100000
dbpedia560k,and,plain_argmax,0.4300381988286972,0.4807952791452408,0.9711459279060315,100000
dbpedia560k,and,plain_config_lookup,0.2400483936071396,2.65403650701046,2.8240028768777847,100000
dbpedia560k,and,strict_gate,0.4800967872142792,0.5709007382392883,0.8309725672006607,100000
dbpedia560k,and,strict_lookup_global_qps,3.936002030968666,4.13600355386734,5.819136276841164,100000
dbpedia560k,or,selectivity_roaring,21.232059225440025,42.63385199010372,55.44404964894051,100000
dbpedia560k,or,feature_build_and_scale,2.364162355661392,2.4640467017889023,4.546027630567546,100000
dbpedia560k,or,mlp_forward_manual,41.17097705602646,43.934909626841545,46.008965000510216,100000
dbpedia560k,or,plain_argmax,0.4309695214033127,0.48102810978889465,1.0710209608078003,100000
dbpedia560k,or,plain_config_lookup,0.7909256964921951,2.55415216088295,2.6640482246875763,100000
dbpedia560k,or,strict_gate,0.47101639211177826,0.5608890205621719,0.7909256964921951,100000
dbpedia560k,or,strict_lookup_global_qps,3.845198079943657,4.03611920773983,5.668029189109802,100000
dbpedia560k,equal,selectivity_roaring,0.4209578037261963,0.4798639565706253,0.6910413503646851,100000
dbpedia560k,equal,feature_build_and_scale,2.3639295250177383,2.4640467017889023,3.2249372452497482,100000
dbpedia560k,equal,mlp_forward_manual,41.16212949156761,43.64596679806709,45.46809941530228,100000
dbpedia560k,equal,plain_argmax,0.4309695214033127,0.48102810978889465,0.8910428732633591,100000
dbpedia560k,equal,plain_config_lookup,0.25099143385887146,2.6640482246875763,2.8640497475862503,100000
dbpedia560k,equal,strict_gate,0.47101639211177826,0.5611218512058258,0.791158527135849,100000
dbpedia560k,equal,strict_lookup_global_qps,3.8349535316228867,4.075933247804642,5.106916651129718,100000
