dataset,scenario,plain_total_us,strict_total_us,strict_overhead_us,ann_search_ms,plain_pct_of_total,strict_pct_of_total
synth_192d,and,174.17105846107006,174.3320608511567,0.16100239008665085,,,
synth_192d,or,177.56596207618713,177.91695427149534,0.35099219530820847,8.018281682235497,2.214513896033168,2.218891295196954
synth_192d,equal,28.072448913007975,28.222333639860153,0.14988472685217857,,,
synth_512d,and,175.25290604680777,175.28387252241373,0.03096647560596466,981.079874617992,0.017863265833992045,0.01786642220040085
synth_512d,or,177.20507457852364,177.77690663933754,0.5718320608139038,10.658242391880126,1.6626106637762854,1.6679758266219864
synth_512d,equal,28.053997084498405,29.135029762983322,1.0810326784849167,2993.0531236998922,0.000937303680391051,0.000973421738902107
synth_768d_hc,and,174.9531365931034,175.112159922719,0.15902332961559296,,,
synth_768d_hc,or,177.2580435499549,177.707988768816,0.44994521886110306,1139.6069837395178,0.015554313555388942,0.015593796045868654
synth_768d_hc,equal,28.06098200380802,28.22093665599823,0.15995465219020844,,,
yahoo800k,and,175.70285126566887,176.16292461752892,0.4600733518600464,402.8578737564281,0.04361410380969756,0.043728306207573044
yahoo800k,or,177.1452371031046,177.59634647518396,0.4511093720793724,212.80806627694417,0.08324178693140856,0.08345376638311426
yahoo800k,equal,28.582988306879997,29.012910090386868,0.42992178350687027,568.5533160872161,0.005027318898355588,0.005102935691247694
dbpedia560k,and,131.83883856981993,132.4698096141219,0.6309710443019867,121.3212367972164,0.10866921740188262,0.1091893003329169
dbpedia560k,or,133.26900079846382,133.7400171905756,0.47101639211177826,175.95767162251448,0.07573923863028176,0.07600692595972214
dbpedia560k,equal,28.582988306879997,29.21407576650381,0.6310874596238136,150.4784462197557,0.018994739130372182,0.01941412640840281
