query_id,latency_us,recall_at_10
0,7.652,1.000000
1,32.439,1.000000
2,41.963,1.000000
3,94.271,0.900000
4,19.139,1.000000
5,24.878,1.000000
6,28.352,1.000000
7,5.007,1.000000
8,56.795,1.000000
9,26.469,1.000000
10,56.044,0.900000
11,122.253,1.000000
12,6.539,1.000000
13,36.384,1.000000
14,87.151,1.000000
15,19.860,1.000000
16,32.349,1.000000
17,94.842,1.000000
18,53.770,0.800000
19,56.665,0.900000
20,10.966,1.000000
21,8.924,1.000000
22,48.843,0.700000
23,10.656,1.000000
24,16.625,1.000000
25,73.470,1.000000
26,9.995,1.000000
27,131.427,1.000000
28,96.574,1.000000
29,45.308,0.900000
30,27.070,1.000000
31,8.462,1.000000
32,51.286,0.800000
33,8.743,1.000000
34,41.172,0.700000
35,103.014,1.000000
36,82.965,1.000000
37,105.748,0.800000
38,48.783,0.900000
39,14.341,1.000000
40,95.443,0.900000
41,4.957,1.000000
42,15.623,1.000000
43,18.288,1.000000
44,56.414,1.000000
45,44.276,1.000000
46,104.287,0.700000
47,8.803,1.000000
48,45.538,1.000000
49,10.946,1.000000
50,88.843,1.000000
51,49.354,0.900000
52,17.697,1.000000
53,61.682,1.000000
54,13.731,1.000000
55,88.232,1.000000
56,23.645,1.000000
57,21.583,1.000000
58,113.861,0.800000
59,33.089,1.000000
60,49.244,0.900000
61,44.286,1.000000
62,61.813,0.800000
63,90.396,0.900000
64,9.644,1.000000
65,91.557,0.800000
66,100.591,1.000000
67,42.333,1.000000
68,43.094,1.000000
69,70.266,1.000000
70,62.033,0.800000
71,56.344,1.000000
72,28.242,1.000000
73,15.944,1.000000
74,10.837,1.000000
75,43.826,1.000000
76,12.468,1.000000
77,49.864,0.900000
78,6.079,1.000000
79,111.367,0.500000
80,118.508,0.700000
81,69.844,1.000000
82,103.665,0.900000
83,19.980,1.000000
84,53.089,1.000000
85,41.342,0.900000
86,63.585,0.800000
87,55.002,0.900000
88,126.799,1.000000
89,83.755,1.000000
90,106.510,1.000000
91,121.983,1.000000
92,22.434,1.000000
93,10.155,1.000000
94,5.508,1.000000
95,43.626,1.000000
96,86.189,1.000000
97,13.110,1.000000
98,14.492,1.000000
99,95.633,1.000000
100,49.374,0.900000
101,29.965,1.000000
102,25.028,1.000000
103,69.564,1.000000
104,15.133,1.000000
105,18.828,1.000000
106,73.129,0.900000
107,107.120,0.800000
108,10.035,1.000000
109,58.657,1.000000
110,48.903,1.000000
111,67.672,0.900000
112,78.968,1.000000
113,66.159,1.000000
114,51.156,1.000000
115,26.630,1.000000
116,8.232,1.000000
117,82.683,1.000000
118,43.765,0.600000
119,10.767,1.000000
120,36.084,0.900000
121,64.667,1.000000
122,12.739,1.000000
123,49.824,1.000000
124,10.857,1.000000
125,65.668,1.000000
126,12.318,1.000000
127,75.884,1.000000
128,33.611,0.800000
129,5.398,1.000000
130,79.610,1.000000
131,33.180,0.800000
132,16.114,1.000000
133,6.660,1.000000
134,9.023,1.000000
135,76.805,0.900000
136,59.509,0.800000
137,133.560,1.000000
138,100.932,0.800000
139,68.392,1.000000
140,70.205,1.000000
141,11.417,1.000000
142,70.556,0.900000
143,100.110,1.000000
144,74.842,0.900000
145,52.639,0.900000
146,42.404,1.000000
147,71.277,0.900000
148,48.953,0.900000
149,64.527,1.000000
150,25.148,1.000000
151,26.219,1.000000
152,38.848,0.900000
153,14.021,1.000000
154,72.188,0.900000
155,13.129,1.000000
156,5.598,1.000000
157,14.963,1.000000
158,84.617,1.000000
159,87.060,1.000000
160,26.039,1.000000
161,104.917,0.800000
162,81.132,0.800000
163,83.736,0.900000
164,13.901,1.000000
165,47.952,0.900000
166,53.039,1.000000
167,102.283,1.000000
168,88.473,1.000000
169,94.081,1.000000
170,41.092,1.000000
171,61.001,1.000000
172,118.497,1.000000
173,19.739,1.000000
174,28.864,1.000000
175,63.135,1.000000
176,14.482,1.000000
177,20.501,1.000000
178,118.067,0.900000
179,63.996,1.000000
180,86.159,0.800000
181,39.820,1.000000
182,58.378,0.800000
183,36.214,0.600000
184,78.628,0.900000
185,71.567,0.900000
186,13.039,1.000000
187,141.271,1.000000
188,108.592,0.500000
189,19.759,1.000000
190,23.946,1.000000
191,36.584,1.000000
192,125.768,1.000000
193,27.682,1.000000
194,10.496,1.000000
195,79.549,1.000000
196,48.743,0.600000
197,32.639,1.000000
198,19.589,1.000000
199,48.512,0.800000
200,129.625,0.900000
201,7.151,1.000000
202,42.914,1.000000
203,30.616,1.000000
204,90.575,1.000000
205,37.456,1.000000
206,11.888,1.000000
207,53.961,1.000000
208,84.397,0.600000
209,15.293,1.000000
210,81.562,0.800000
211,57.446,0.800000
212,62.273,0.800000
213,71.547,1.000000
214,13.039,1.000000
215,62.474,1.000000
216,61.693,1.000000
217,19.990,1.000000
218,65.018,0.900000
219,19.980,1.000000
220,65.748,0.900000
221,29.574,1.000000
222,78.077,1.000000
223,24.396,1.000000
224,25.048,1.000000
225,6.300,1.000000
226,10.926,1.000000
227,81.482,0.900000
228,72.538,0.900000
229,40.811,1.000000
230,52.198,1.000000
231,108.202,1.000000
232,32.358,1.000000
233,60.731,1.000000
234,13.420,1.000000
235,49.945,1.000000
236,62.944,1.000000
237,54.902,1.000000
238,27.361,1.000000
239,9.855,1.000000
240,7.822,1.000000
241,9.164,1.000000
242,31.718,1.000000
243,53.630,1.000000
244,9.233,1.000000
245,79.969,1.000000
246,7.181,1.000000
247,101.061,1.000000
248,100.851,0.800000
249,7.120,1.000000
250,68.512,1.000000
251,29.904,1.000000
252,35.773,1.000000
253,177.226,1.000000
254,28.633,1.000000
255,242.133,1.000000
256,274.762,1.000000
257,268.032,1.000000
258,249.304,1.000000
259,73.580,1.000000
260,249.003,1.000000
261,5.608,1.000000
262,51.657,1.000000
263,1016.142,1.000000
264,12.979,1.000000
265,149.273,1.000000
266,41.742,1.000000
267,8.553,1.000000
268,889.192,1.000000
269,121.622,1.000000
270,225.177,1.000000
271,9.895,1.000000
272,50.626,1.000000
273,98.488,0.800000
274,8.943,1.000000
275,372.868,1.000000
276,19.539,1.000000
277,14.602,1.000000
278,13.521,1.000000
279,45.809,1.000000
280,10.075,1.000000
281,4.777,1.000000
282,154.651,1.000000
283,31.267,1.000000
284,223.595,1.000000
285,226.990,1.000000
286,619.768,1.000000
287,24.286,1.000000
288,10.296,1.000000
289,158.998,1.000000
290,111.016,1.000000
291,21.532,1.000000
292,62.764,1.000000
293,10.546,1.000000
294,268.823,1.000000
295,215.743,1.000000
296,85.307,1.000000
297,685.837,1.000000
298,16.224,1.000000
299,28.062,1.000000
300,24.587,1.000000
301,295.743,1.000000
302,80.661,1.000000
303,46.340,1.000000
304,19.148,1.000000
305,12.599,1.000000
306,20.941,1.000000
307,14.943,1.000000
308,14.752,1.000000
309,44.917,1.000000
310,315.913,1.000000
311,168.092,1.000000
312,163.064,1.000000
313,76.735,1.000000
314,109.114,1.000000
315,77.616,0.900000
316,27.611,1.000000
317,270.055,1.000000
318,870.965,1.000000
319,10.616,1.000000
320,5.208,1.000000
321,115.052,1.000000
322,116.825,1.000000
323,8.082,1.000000
324,14.982,1.000000
325,82.855,1.000000
326,37.376,1.000000
327,79.539,0.800000
328,76.224,0.700000
329,8.593,1.000000
330,572.578,1.000000
331,201.091,1.000000
332,11.527,1.000000
333,141.102,1.000000
334,10.876,1.000000
335,7.381,1.000000
336,296.634,1.000000
337,7.231,1.000000
338,57.697,1.000000
339,87.691,1.000000
340,86.069,0.900000
341,75.934,1.000000
342,23.485,1.000000
343,19.870,1.000000
344,11.327,1.000000
345,6.049,1.000000
346,11.117,1.000000
347,88.913,1.000000
348,56.495,1.000000
349,185.538,1.000000
350,12.388,1.000000
351,13.140,1.000000
352,313.690,1.000000
353,187.621,1.000000
354,271.677,1.000000
355,8.513,1.000000
356,34.582,1.000000
357,468.641,1.000000
358,184.376,1.000000
359,20.330,1.000000
360,6.100,1.000000
361,92.879,1.000000
362,161.953,1.000000
363,79.810,1.000000
364,152.408,1.000000
365,943.823,1.000000
366,20.431,1.000000
367,67.211,1.000000
368,41.112,1.000000
369,32.519,1.000000
370,113.059,1.000000
371,67.581,0.800000
372,70.756,1.000000
373,49.994,1.000000
374,90.776,1.000000
375,536.804,1.000000
376,1624.283,1.000000
377,518.657,1.000000
378,9.605,1.000000
379,98.478,1.000000
380,18.538,1.000000
381,46.530,1.000000
382,46.510,1.000000
383,64.056,1.000000
384,742.262,1.000000
385,30.496,1.000000
386,126.560,1.000000
387,25.569,1.000000
388,530.254,1.000000
389,63.445,0.900000
390,282.834,1.000000
391,52.839,1.000000
392,95.633,1.000000
393,109.544,0.700000
394,46.790,1.000000
395,6.971,1.000000
396,8.893,1.000000
397,4.828,1.000000
398,95.613,0.800000
399,72.689,1.000000
400,11.046,1.000000
401,89.414,0.900000
402,28.102,1.000000
403,22.113,1.000000
404,82.724,0.800000
405,87.320,1.000000
406,53.460,1.000000
407,125.799,1.000000
408,47.651,1.000000
409,66.279,1.000000
410,32.879,1.000000
411,45.798,1.000000
412,104.246,1.000000
413,202.643,1.000000
414,114.992,1.000000
415,22.053,1.000000
416,5.698,1.000000
417,37.826,1.000000
418,165.257,1.000000
419,90.796,1.000000
420,12.689,1.000000
421,28.523,1.000000
422,18.568,1.000000
423,88.973,0.800000
424,42.644,1.000000
425,41.101,1.000000
426,62.573,1.000000
427,238.567,1.000000
428,976.703,1.000000
429,179.919,1.000000
430,174.071,1.000000
431,109.394,1.000000
432,21.262,1.000000
433,227.421,1.000000
434,62.434,0.900000
435,35.433,1.000000
436,10.406,1.000000
437,14.522,1.000000
438,528.692,1.000000
439,38.918,1.000000
440,9.054,1.000000
441,202.714,1.000000
442,52.639,1.000000
443,10.416,1.000000
444,11.437,1.000000
445,206.580,1.000000
446,59.179,1.000000
447,71.087,1.000000
448,117.846,1.000000
449,154.491,1.000000
450,111.637,0.600000
451,204.777,1.000000
452,19.369,1.000000
453,41.503,1.000000
454,315.963,1.000000
455,75.413,0.800000
456,642.222,1.000000
457,953.067,1.000000
458,934.439,1.000000
459,140.661,1.000000
460,189.133,1.000000
461,32.438,1.000000
462,36.474,1.000000
463,12.950,1.000000
464,25.759,1.000000
465,19.149,1.000000
466,180.831,1.000000
467,156.194,1.000000
468,45.909,1.000000
469,16.846,1.000000
470,107.130,0.900000
471,6.860,1.000000
472,18.197,1.000000
473,278.537,1.000000
474,154.311,1.000000
475,107.491,1.000000
476,78.878,0.900000
477,119.670,0.600000
478,58.097,1.000000
479,32.890,1.000000
480,26.269,1.000000
481,32.959,1.000000
482,58.718,1.000000
483,68.833,0.800000
484,12.208,1.000000
485,10.977,1.000000
486,24.727,1.000000
487,139.099,1.000000
488,405.137,1.000000
489,7.341,1.000000
490,23.204,1.000000
491,154.982,1.000000
492,36.214,1.000000
493,11.246,1.000000
494,8.793,1.000000
495,463.384,1.000000
496,118.728,0.800000
497,584.315,1.000000
498,40.420,1.000000
499,28.083,1.000000
500,207.701,1.000000
501,11.558,1.000000
502,103.074,0.800000
503,8.623,1.000000
504,314.561,1.000000
505,8.482,1.000000
506,189.053,1.000000
507,146.168,1.000000
508,22.674,1.000000
509,10.486,1.000000
510,8.833,1.000000
511,45.197,1.000000
512,163.545,1.000000
513,222.393,1.000000
514,27.261,1.000000
515,124.997,1.000000
516,19.559,1.000000
517,36.555,1.000000
518,12.850,1.000000
519,305.497,1.000000
520,90.045,1.000000
521,11.077,1.000000
522,16.134,1.000000
523,27.802,1.000000
524,61.923,1.000000
525,9.685,1.000000
526,88.422,1.000000
527,19.479,1.000000
528,121.512,1.000000
529,445.777,1.000000
530,22.724,1.000000
531,83.335,1.000000
532,457.806,1.000000
533,38.097,1.000000
534,13.670,1.000000
535,124.236,0.900000
536,44.286,1.000000
537,190.595,1.000000
538,172.678,1.000000
539,91.186,1.000000
540,67.842,1.000000
541,14.171,1.000000
542,20.080,1.000000
543,134.271,1.000000
544,19.760,1.000000
545,44.707,1.000000
546,5.779,1.000000
547,89.524,0.700000
548,429.563,1.000000
549,56.866,0.900000
550,60.641,0.800000
551,51.066,1.000000
552,263.134,1.000000
553,169.444,1.000000
554,207.441,1.000000
555,984.294,1.000000
556,78.958,1.000000
557,55.744,0.600000
558,7.721,1.000000
559,94.802,1.000000
560,144.296,1.000000
561,12.870,1.000000
562,81.642,0.600000
563,23.585,1.000000
564,44.517,1.000000
565,277.987,1.000000
566,109.204,1.000000
567,11.057,1.000000
568,19.870,1.000000
569,9.023,1.000000
570,10.666,1.000000
571,406.889,1.000000
572,260.280,1.000000
573,120.501,0.900000
574,51.287,1.000000
575,204.336,1.000000
576,16.745,1.000000
577,65.167,1.000000
578,9.564,1.000000
579,120.881,1.000000
580,130.906,1.000000
581,12.158,1.000000
582,7.250,1.000000
583,21.652,1.000000
584,16.435,1.000000
585,6.931,1.000000
586,8.673,1.000000
587,11.237,1.000000
588,93.160,1.000000
589,86.890,1.000000
590,51.537,1.000000
591,571.176,1.000000
592,5.378,1.000000
593,17.285,1.000000
594,20.500,1.000000
595,93.159,1.000000
596,25.017,1.000000
597,11.938,1.000000
598,187.932,1.000000
599,39.759,1.000000
600,11.056,1.000000
601,67.851,1.000000
602,647.349,1.000000
603,9.985,1.000000
604,614.210,1.000000
605,80.310,1.000000
606,33.270,1.000000
607,437.695,1.000000
608,147.541,1.000000
609,30.175,1.000000
610,86.499,0.700000
611,198.498,1.000000
612,36.375,1.000000
613,116.665,1.000000
614,54.161,1.000000
615,14.572,1.000000
616,6.710,1.000000
617,52.889,1.000000
618,26.800,1.000000
619,8.292,1.000000
620,112.188,1.000000
621,57.155,1.000000
622,12.178,1.000000
623,321.812,1.000000
624,61.262,1.000000
625,8.392,1.000000
626,318.477,1.000000
627,91.577,0.900000
628,105.838,0.900000
629,331.767,1.000000
630,28.543,1.000000
631,642.863,1.000000
632,5.368,1.000000
633,84.827,1.000000
634,400.230,1.000000
635,19.720,1.000000
636,117.286,1.000000
637,91.617,1.000000
638,41.041,1.000000
639,116.495,1.000000
640,55.824,1.000000
641,142.213,1.000000
642,131.207,1.000000
643,51.097,1.000000
644,301.101,1.000000
645,88.082,1.000000
646,27.121,1.000000
647,67.751,1.000000
648,14.091,1.000000
649,217.716,1.000000
650,178.427,1.000000
651,61.002,0.800000
652,110.666,1.000000
653,16.304,1.000000
654,9.303,1.000000
655,161.972,1.000000
656,11.857,1.000000
657,177.766,1.000000
658,240.460,1.000000
659,141.281,1.000000
660,344.466,1.000000
661,61.682,1.000000
662,64.366,1.000000
663,8.243,1.000000
664,7.471,1.000000
665,288.973,1.000000
666,9.324,1.000000
667,963.543,1.000000
668,135.613,1.000000
669,80.341,1.000000
670,64.887,1.000000
671,116.875,1.000000
672,80.911,0.800000
673,306.820,1.000000
674,42.774,1.000000
675,47.892,1.000000
676,13.100,1.000000
677,390.835,1.000000
678,240.460,1.000000
679,198.358,1.000000
680,9.414,1.000000
681,174.381,1.000000
682,77.747,1.000000
683,17.907,1.000000
684,50.656,1.000000
685,28.443,1.000000
686,82.934,1.000000
687,47.792,1.000000
688,77.006,0.800000
689,24.126,1.000000
690,28.783,1.000000
691,10.656,1.000000
692,57.306,0.800000
693,8.683,1.000000
694,18.348,1.000000
695,60.651,1.000000
696,23.906,1.000000
697,34.261,1.000000
698,103.746,1.000000
699,47.071,1.000000
700,135.453,1.000000
701,62.143,0.800000
702,363.645,1.000000
703,64.998,1.000000
704,250.175,1.000000
705,7.371,1.000000
706,34.362,1.000000
707,67.161,1.000000
708,276.534,1.000000
709,13.610,1.000000
710,85.238,1.000000
711,60.070,1.000000
712,12.028,1.000000
713,13.740,1.000000
714,107.101,0.800000
715,69.765,1.000000
716,39.840,1.000000
717,258.908,1.000000
718,12.279,1.000000
719,6.980,1.000000
720,150.615,1.000000
721,106.861,1.000000
722,7.591,1.000000
723,307.390,1.000000
724,189.363,1.000000
725,32.468,1.000000
726,108.763,0.900000
727,50.846,1.000000
728,89.354,1.000000
729,38.939,1.000000
730,63.705,0.900000
731,71.497,1.000000
732,91.227,0.800000
733,308.412,1.000000
734,79.329,1.000000
735,231.747,1.000000
736,14.942,1.000000
737,196.294,1.000000
738,9.043,1.000000
739,77.586,1.000000
740,77.216,0.900000
741,5.358,1.000000
742,56.174,1.000000
743,108.572,0.900000
744,88.693,0.900000
745,64.938,0.900000
746,23.565,1.000000
747,466.930,1.000000
748,41.863,0.900000
749,17.497,1.000000
750,172.839,1.000000
751,79.740,1.000000
752,33.590,1.000000
753,15.994,1.000000
754,74.271,1.000000
755,291.637,1.000000
756,24.707,1.000000
757,419.689,1.000000
758,36.665,1.000000
759,15.023,1.000000
760,17.977,1.000000
761,424.916,1.000000
762,240.049,1.000000
763,73.370,1.000000
764,94.381,0.900000
765,74.832,0.800000
766,142.363,1.000000
767,6.270,1.000000
768,558.266,1.000000
769,281.201,1.000000
770,89.174,1.000000
771,11.798,1.000000
772,110.966,1.000000
773,8.883,1.000000
774,190.305,1.000000
775,199.088,1.000000
776,383.104,1.000000
777,11.036,1.000000
778,112.419,0.900000
779,21.282,1.000000
780,22.674,1.000000
781,248.042,1.000000
782,87.541,1.000000
783,71.717,1.000000
784,68.202,1.000000
785,10.265,1.000000
786,477.044,1.000000
787,12.909,1.000000
788,206.199,1.000000
789,47.361,0.700000
790,567.960,1.000000
791,168.112,1.000000
792,476.314,1.000000
793,19.800,1.000000
794,145.558,1.000000
795,6.450,1.000000
796,13.730,1.000000
797,97.446,1.000000
798,76.534,1.000000
799,18.447,1.000000
800,31.887,1.000000
801,117.816,0.900000
802,13.240,1.000000
803,81.943,1.000000
804,10.907,1.000000
805,134.772,1.000000
806,68.974,1.000000
807,7.040,1.000000
808,50.676,1.000000
809,90.636,1.000000
810,7.641,1.000000
811,15.433,1.000000
812,38.458,1.000000
813,15.403,1.000000
814,101.773,1.000000
815,42.594,1.000000
816,43.065,0.800000
817,233.860,1.000000
818,99.159,0.700000
819,138.257,1.000000
820,76.805,1.000000
821,65.758,0.900000
822,165.728,1.000000
823,48.693,0.900000
824,8.282,1.000000
825,79.119,1.000000
826,278.627,1.000000
827,63.515,1.000000
828,483.474,1.000000
829,25.539,1.000000
830,140.600,1.000000
831,79.950,1.000000
832,84.496,1.000000
833,19.349,1.000000
834,35.894,1.000000
835,7.461,1.000000
836,607.139,1.000000
837,73.490,1.000000
838,134.712,1.000000
839,23.345,1.000000
840,6.390,1.000000
841,30.937,1.000000
842,520.570,1.000000
843,85.278,0.600000
844,15.273,1.000000
845,36.195,1.000000
846,95.873,1.000000
847,41.752,1.000000
848,73.480,1.000000
849,7.341,1.000000
850,12.138,1.000000
851,455.662,1.000000
852,221.212,1.000000
853,57.657,1.000000
854,58.978,0.800000
855,87.511,0.500000
856,44.897,1.000000
857,76.154,0.800000
858,5.558,1.000000
859,20.070,1.000000
860,349.964,1.000000
861,46.209,0.900000
862,19.870,1.000000
863,26.360,1.000000
864,56.275,1.000000
865,77.326,1.000000
866,26.600,1.000000
867,7.271,1.000000
868,26.390,1.000000
869,41.442,0.600000
870,9.745,1.000000
871,26.910,1.000000
872,18.447,1.000000
873,43.114,1.000000
874,41.512,1.000000
875,89.043,0.400000
876,105.748,1.000000
877,7.011,1.000000
878,195.703,1.000000
879,62.033,1.000000
880,42.554,1.000000
881,35.874,1.000000
882,12.519,1.000000
883,22.534,1.000000
884,198.477,1.000000
885,208.873,1.000000
886,7.531,1.000000
887,111.537,1.000000
888,11.447,1.000000
889,38.658,1.000000
890,85.709,1.000000
891,24.627,1.000000
892,33.260,1.000000
893,46.930,1.000000
894,86.710,1.000000
895,313.459,1.000000
896,166.129,1.000000
897,19.329,1.000000
898,101.903,1.000000
899,131.237,1.000000
900,93.089,1.000000
901,366.288,1.000000
902,14.882,1.000000
903,12.939,1.000000
904,269.303,1.000000
905,19.559,1.000000
906,6.240,1.000000
907,254.421,1.000000
908,5.448,1.000000
909,25.929,1.000000
910,16.805,1.000000
911,17.916,1.000000
912,136.013,1.000000
913,62.203,0.900000
914,20.471,1.000000
915,36.535,1.000000
916,13.781,1.000000
917,100.711,0.800000
918,81.062,1.000000
919,22.183,1.000000
920,218.037,1.000000
921,17.015,1.000000
922,101.813,0.500000
923,9.735,1.000000
924,97.296,0.700000
925,15.663,1.000000
926,170.966,1.000000
927,58.227,1.000000
928,106.689,0.800000
929,47.280,1.000000
930,65.388,1.000000
931,13.330,1.000000
932,26.159,1.000000
933,725.036,1.000000
934,62.043,1.000000
935,337.326,1.000000
936,53.370,1.000000
937,90.846,1.000000
938,21.752,1.000000
939,63.695,1.000000
940,5.488,1.000000
941,103.945,1.000000
942,101.852,1.000000
943,9.784,1.000000
944,41.972,1.000000
945,139.228,1.000000
946,472.858,1.000000
947,96.164,0.600000
948,39.919,1.000000
949,130.695,1.000000
950,263.645,1.000000
951,11.067,1.000000
952,199.168,1.000000
953,876.783,1.000000
954,16.154,1.000000
955,14.322,1.000000
956,76.775,0.900000
957,966.888,1.000000
958,190.836,1.000000
959,53.130,0.900000
960,16.505,1.000000
961,111.026,0.900000
962,91.246,0.600000
963,181.882,1.000000
964,365.378,1.000000
965,11.557,1.000000
966,8.582,1.000000
967,80.330,1.000000
968,29.835,1.000000
969,80.080,0.900000
970,25.709,1.000000
971,40.771,1.000000
972,14.481,1.000000
973,61.442,1.000000
974,16.234,1.000000
975,25.878,1.000000
976,11.867,1.000000
977,91.206,0.900000
978,150.155,1.000000
979,9.394,1.000000
980,72.398,1.000000
981,13.811,1.000000
982,62.484,0.900000
983,30.405,1.000000
984,792.857,1.000000
985,106.289,0.800000
986,150.725,1.000000
987,100.911,0.900000
988,113.490,1.000000
989,229.573,1.000000
990,226.639,1.000000
991,402.963,1.000000
992,18.908,1.000000
993,167.802,1.000000
994,256.785,1.000000
995,15.924,1.000000
996,28.313,1.000000
997,226.970,1.000000
998,162.403,1.000000
999,551.566,1.000000
