L,Cmps,QPS,Recall,QPS_no_filter
10,78.575,13943.1,0.4865,44346.6
20,103.507,12660.5,0.669,33539.7
50,148.973,9590.93,0.8285,18150.5
100,206.679,7189.85,0.8835,11121.6
150,263.624,5970.33,0.9,8451.32
200,316.902,5130.84,0.9105,6862.02
250,366.251,4573.72,0.915,5900.74
300,412.116,4140.7,0.919,5199.27
400,461.213,3534.13,0.926,4277.44
500,510.454,3086.13,0.9265,3638.22
600,558.348,2746.8,0.927,3175.71
700,604.268,2469.34,0.9275,2810.6
800,647.883,2252.99,0.928,2533.67
1000,692.547,1912.14,0.9285,2110.58
1200,736.368,1653.22,0.9285,1799.5
