M,M_beta,gamma,scenario,build_time_s,index_size_mb,recall@10,qps,qps_no_filter,status,timestamp
32,48,1,equal,572.4576890468597,2649.0239391326904,0.2548,1363.03,1679.15,success,2026-04-23T16:42:27.683104
32,48,1,or,572.4576890468597,2649.0239391326904,0.9049,450.528,468.57,success,2026-04-23T16:42:48.711225
32,48,1,and,572.4576890468597,2649.0239391326904,0.155,2015.93,2561.06,success,2026-04-23T16:42:58.914283
32,64,1,equal,645.357887506485,2697.8520641326904,0.2888,1205.73,1458.58,success,2026-04-23T17:41:27.593639
32,64,1,or,645.357887506485,2697.8520641326904,0.9499,384.911,398.283,success,2026-04-23T17:41:51.125419
32,64,1,and,645.357887506485,2697.8520641326904,0.1876,1739.36,2133.98,success,2026-04-23T17:42:01.626919
48,48,1,equal,1180.0217280387878,2722.2285289764404,0.3424,832.648,952.726,success,2026-04-23T19:08:23.731808
48,48,1,or,1180.0217280387878,2722.2285289764404,0.9647,295.464,304.61,success,2026-04-23T19:08:51.436480
48,48,1,and,1180.0217280387878,2722.2285289764404,0.2242,1342.57,1565.62,success,2026-04-23T19:09:03.093087
48,64,1,equal,1554.0322678089142,2771.0566539764404,0.384,806.411,909.947,success,2026-04-23T21:07:24.120222
48,64,1,or,1554.0322678089142,2771.0566539764404,0.9795,257.404,264.482,success,2026-04-23T21:07:54.529701
48,64,1,and,1554.0322678089142,2771.0566539764404,0.2593,1145.85,1306.89,success,2026-04-23T21:08:07.640309
48,96,1,equal,1631.4454641342163,2868.7129039764404,0.4434,658.524,724.516,success,2026-04-23T23:49:46.381195
48,96,1,or,1631.4454641342163,2868.7129039764404,0.9948,210.437,214.542,success,2026-04-23T23:50:23.897421
48,96,1,and,1631.4454641342163,2868.7129039764404,0.3105,872.136,966.237,success,2026-04-23T23:50:38.964401
64,64,1,equal,1994.2032058238983,2844.2888164520264,0.4509,532.188,574.411,success,2026-04-24T02:13:52.424666
64,64,1,or,1994.2032058238983,2844.2888164520264,0.9914,197.668,201.798,success,2026-04-24T02:14:29.825345
64,64,1,and,1994.2032058238983,2844.2888164520264,0.3196,772.796,842.673,success,2026-04-24T02:14:44.639269
64,96,1,equal,2071.9974431991577,2941.9450664520264,0.5079,597.779,651.524,success,2026-04-24T05:43:49.123741
64,96,1,or,2071.9974431991577,2941.9450664520264,0.9984,159.154,161.816,success,2026-04-24T05:44:32.974614
64,96,1,and,2071.9974431991577,2941.9450664520264,0.3742,750.603,815.075,success,2026-04-24T05:44:50.097699
