dataset,scenario,M,ef_construction,index_budget,hist_pct,num_threads,ef_search,build_time_s,index_size_mb,search_time_s,qps,recall_at_10
ytb_audio,original_eq,16,40,3.0,0.5,16,10,230.66,10986.3,0.090,11111.8,0.319300
ytb_audio,original_eq,16,40,3.0,0.5,16,20,230.66,10986.3,0.059,16882.9,0.331800
ytb_audio,original_eq,16,40,3.0,0.5,16,30,230.66,10986.3,0.064,15598.0,0.346500
ytb_audio,original_eq,16,40,3.0,0.5,16,40,230.66,10986.3,0.072,13904.1,0.353000
ytb_audio,original_eq,16,40,3.0,0.5,16,50,230.66,10986.3,0.075,13264.4,0.360800
ytb_audio,original_eq,16,40,3.0,0.5,16,60,230.66,10986.3,0.082,12266.0,0.366300
ytb_audio,original_eq,16,40,3.0,0.5,16,70,230.66,10986.3,0.087,11553.5,0.371100
ytb_audio,original_eq,16,40,3.0,0.5,16,80,230.66,10986.3,0.095,10570.6,0.374000
ytb_audio,original_eq,16,40,3.0,0.5,16,90,230.66,10986.3,0.099,10071.6,0.377000
ytb_audio,original_eq,16,40,3.0,0.5,16,100,230.66,10986.3,0.095,10547.5,0.378600
ytb_audio,original_eq,16,40,3.0,0.5,16,150,230.66,10986.3,0.102,9767.4,0.384700
ytb_audio,original_eq,16,40,3.0,0.5,16,200,230.66,10986.3,0.110,9080.7,0.390000
