dataset,scenario,M,efc,build_time_s,index_size_mb,recall@10,qps,status,timestamp
arxiv,and,32,100,0,0,0,0,build_failed,2025-12-31T05:11:40.040523
arxiv,or,32,100,0,0,0,0,build_failed,2025-12-31T05:11:40.041023
arxiv,equal,32,100,0,0,0,0,build_failed,2025-12-31T05:11:40.041529
arxiv,and,32,200,0,0,0,0,build_failed,2025-12-31T05:11:40.045827
arxiv,or,32,200,0,0,0,0,build_failed,2025-12-31T05:11:40.046328
arxiv,equal,32,200,0,0,0,0,build_failed,2025-12-31T05:11:40.046832
arxiv,and,32,400,0,0,0,0,build_failed,2025-12-31T05:11:40.051139
arxiv,or,32,400,0,0,0,0,build_failed,2025-12-31T05:11:40.051635
arxiv,equal,32,400,0,0,0,0,build_failed,2025-12-31T05:11:40.052143
arxiv,and,48,100,0,0,0,0,build_failed,2025-12-31T05:11:40.056436
arxiv,or,48,100,0,0,0,0,build_failed,2025-12-31T05:11:40.056933
arxiv,equal,48,100,0,0,0,0,build_failed,2025-12-31T05:11:40.057440
arxiv,and,48,200,0,0,0,0,build_failed,2025-12-31T05:11:40.061587
arxiv,or,48,200,0,0,0,0,build_failed,2025-12-31T05:11:40.062088
arxiv,equal,48,200,0,0,0,0,build_failed,2025-12-31T05:11:40.062593
arxiv,and,48,400,0,0,0,0,build_failed,2025-12-31T05:11:40.066847
arxiv,or,48,400,0,0,0,0,build_failed,2025-12-31T05:11:40.067347
arxiv,equal,48,400,0,0,0,0,build_failed,2025-12-31T05:11:40.067852
arxiv,and,64,100,0,0,0,0,build_failed,2025-12-31T05:11:40.072027
arxiv,or,64,100,0,0,0,0,build_failed,2025-12-31T05:11:40.072414
arxiv,equal,64,100,0,0,0,0,build_failed,2025-12-31T05:11:40.072798
arxiv,and,64,200,0,0,0,0,build_failed,2025-12-31T05:11:40.077522
arxiv,or,64,200,0,0,0,0,build_failed,2025-12-31T05:11:40.077921
arxiv,equal,64,200,0,0,0,0,build_failed,2025-12-31T05:11:40.078306
arxiv,and,64,400,0,0,0,0,build_failed,2025-12-31T05:11:40.082516
arxiv,or,64,400,0,0,0,0,build_failed,2025-12-31T05:11:40.082888
arxiv,equal,64,400,0,0,0,0,build_failed,2025-12-31T05:11:40.083279
arxiv,and,32,100,42.544384717941284,423.17738914489746,0.9565,42.4361,success,2025-12-31T05:16:40.362973
arxiv,or,32,100,42.544384717941284,423.17738914489746,1.0,202.619,success,2025-12-31T05:16:45.303039
arxiv,equal,32,100,42.544384717941284,423.17738914489746,0.9815,45.2861,success,2025-12-31T05:17:03.872654
arxiv,and,32,200,76.45281505584717,423.17738914489746,0.961,42.0862,success,2025-12-31T05:18:38.949691
arxiv,or,32,200,76.45281505584717,423.17738914489746,0.9995,189.643,success,2025-12-31T05:18:44.189085
arxiv,equal,32,200,76.45281505584717,423.17738914489746,0.9855,41.8115,success,2025-12-31T05:19:03.920629
arxiv,and,32,400,137.4382586479187,423.17738914489746,0.9645,37.8119,success,2025-12-31T05:21:41.637374
arxiv,or,32,400,137.4382586479187,423.17738914489746,1.0,183.181,success,2025-12-31T05:21:47.082285
arxiv,equal,32,400,137.4382586479187,423.17738914489746,0.9885,39.5465,success,2025-12-31T05:22:07.415804
arxiv,and,48,100,44.162853479385376,439.3676357269287,0.9605,42.3616,success,2025-12-31T05:23:10.002457
arxiv,or,48,100,44.162853479385376,439.3676357269287,1.0,196.871,success,2025-12-31T05:23:15.139410
arxiv,equal,48,100,44.162853479385376,439.3676357269287,0.9845,43.8667,success,2025-12-31T05:23:34.166943
arxiv,and,48,200,78.89289236068726,439.3676357269287,0.9635,40.899,success,2025-12-31T05:25:12.344850
arxiv,or,48,200,78.89289236068726,439.3676357269287,1.0,185.537,success,2025-12-31T05:25:17.737225
arxiv,equal,48,200,78.89289236068726,439.3676357269287,0.9915,40.7952,success,2025-12-31T05:25:37.769034
arxiv,and,48,400,141.8356490135193,439.3676357269287,0.9675,38.2033,success,2025-12-31T05:28:20.438106
arxiv,or,48,400,141.8356490135193,439.3676357269287,1.0,175.991,success,2025-12-31T05:28:26.129512
arxiv,equal,48,400,141.8356490135193,439.3676357269287,0.9945,39.7814,success,2025-12-31T05:28:47.318756
arxiv,and,64,100,303.40585374832153,455.55848121643066,0.971,31.1525,success,2025-12-31T05:34:15.769534
arxiv,or,64,100,303.40585374832153,455.55848121643066,1.0,144.062,success,2025-12-31T05:34:22.664144
arxiv,equal,64,100,303.40585374832153,455.55848121643066,0.993,31.8145,success,2025-12-31T05:34:48.006667
arxiv,and,64,200,79.25940155982971,455.55848121643066,0.9655,38.5868,success,2025-12-31T05:36:27.703276
arxiv,or,64,200,79.25940155982971,455.55848121643066,1.0,183.193,success,2025-12-31T05:36:33.198878
arxiv,equal,64,200,79.25940155982971,455.55848121643066,0.9905,40.8149,success,2025-12-31T05:36:53.528969
arxiv,and,64,400,142.7117474079132,455.55848121643066,0.9695,38.9989,success,2025-12-31T05:39:37.425830
arxiv,or,64,400,142.7117474079132,455.55848121643066,1.0,171.912,success,2025-12-31T05:39:43.274425
arxiv,equal,64,400,142.7117474079132,455.55848121643066,0.9935,38.1665,success,2025-12-31T05:40:05.014591
