dataset,scenario,R,Lsearch,build_time_s,index_size_mb,recall@10,qps,latency_us,status,timestamp
synth_768d_hc,containment,32,100,847.7490046024323,2460.6066703796387,0.0418,7682.89,1985.09,success,2026-05-05T21:43:28.989045
synth_768d_hc,containment,32,200,847.7490046024323,2460.6066703796387,0.0676,4731.58,3255.38,success,2026-05-05T21:43:49.583058
synth_768d_hc,containment,32,500,847.7490046024323,2460.6066703796387,0.1144,2167.84,7191.41,success,2026-05-05T21:44:10.776387
synth_768d_hc,containment,32,1000,847.7490046024323,2460.6066703796387,0.1649,1153.62,13562.94,success,2026-05-05T21:44:32.063442
synth_768d_hc,containment,32,2000,847.7490046024323,2460.6066703796387,0.2195,593.93,26399.58,success,2026-05-05T21:44:54.166399
synth_768d_hc,overlap,32,100,847.7490046024323,2460.6066703796387,0.37,12865.05,1155.09,success,2026-05-05T21:45:14.634375
synth_768d_hc,overlap,32,200,847.7490046024323,2460.6066703796387,0.45,12815.17,1151.48,success,2026-05-05T21:45:35.167054
synth_768d_hc,overlap,32,500,847.7490046024323,2460.6066703796387,0.61,11240.1,1244.26,success,2026-05-05T21:45:55.507568
synth_768d_hc,overlap,32,1000,847.7490046024323,2460.6066703796387,0.71,8990.75,1421.7,success,2026-05-05T21:46:15.965052
synth_768d_hc,overlap,32,2000,847.7490046024323,2460.6066703796387,0.76,6102.51,2037.05,success,2026-05-05T21:46:36.524034
synth_768d_hc,equality,32,100,847.7490046024323,2460.6066703796387,0.0109,13157.9,1095.27,success,2026-05-05T21:46:56.893816
synth_768d_hc,equality,32,200,847.7490046024323,2460.6066703796387,0.0146,8767.0,1679.58,success,2026-05-05T21:47:17.376896
synth_768d_hc,equality,32,500,847.7490046024323,2460.6066703796387,0.0208,4070.77,3722.66,success,2026-05-05T21:47:38.099314
synth_768d_hc,equality,32,1000,847.7490046024323,2460.6066703796387,0.0301,2154.63,7103.1,success,2026-05-05T21:47:58.729876
synth_768d_hc,equality,32,2000,847.7490046024323,2460.6066703796387,0.0447,1110.56,13819.68,success,2026-05-05T21:48:20.010175
synth_768d_hc,containment,64,100,1511.4040927886963,2558.262893676758,0.0802,3891.1,3994.17,success,2026-05-05T22:13:55.338601
synth_768d_hc,containment,64,200,1511.4040927886963,2558.262893676758,0.1223,2248.58,6949.96,success,2026-05-05T22:14:16.799523
synth_768d_hc,containment,64,500,1511.4040927886963,2558.262893676758,0.2057,1018.23,15483.09,success,2026-05-05T22:14:38.937998
synth_768d_hc,containment,64,1000,1511.4040927886963,2558.262893676758,0.2832,541.95,29130.73,success,2026-05-05T22:15:01.750762
synth_768d_hc,containment,64,2000,1511.4040927886963,2558.262893676758,0.37450000000000006,279.8,56434.01,success,2026-05-05T22:15:26.344300
synth_768d_hc,overlap,64,100,1511.4040927886963,2558.262893676758,0.99,12328.8,1156.49,success,2026-05-05T22:15:47.436896
synth_768d_hc,overlap,64,200,1511.4040927886963,2558.262893676758,0.0125,11632.62,1240.41,success,2026-05-05T22:16:08.475417
synth_768d_hc,overlap,64,500,1511.4040927886963,2558.262893676758,0.0192,7902.77,1780.59,success,2026-05-05T22:16:29.613467
synth_768d_hc,overlap,64,1000,1511.4040927886963,2558.262893676758,0.0223,4656.1,2991.35,success,2026-05-05T22:16:50.768711
synth_768d_hc,overlap,64,2000,1511.4040927886963,2558.262893676758,0.0271,2683.69,5235.32,success,2026-05-05T22:17:12.175490
synth_768d_hc,equality,64,100,1511.4040927886963,2558.262893676758,0.0181,8350.24,1789.87,success,2026-05-05T22:17:33.236304
synth_768d_hc,equality,64,200,1511.4040927886963,2558.262893676758,0.0217,4979.58,3046.95,success,2026-05-05T22:17:54.429065
synth_768d_hc,equality,64,500,1511.4040927886963,2558.262893676758,0.0273,2217.84,6898.22,success,2026-05-05T22:18:15.850830
synth_768d_hc,equality,64,1000,1511.4040927886963,2558.262893676758,0.0374,1189.85,12959.57,success,2026-05-05T22:18:37.601370
synth_768d_hc,equality,64,2000,1511.4040927886963,2558.262893676758,0.0525,625.66,24753.75,success,2026-05-05T22:19:00.360036
synth_768d_hc,containment,128,100,2850.3066947460175,2753.228853225708,0.126,1801.28,8730.94,success,2026-05-05T23:06:56.411221
synth_768d_hc,containment,128,200,2850.3066947460175,2753.228853225708,0.1913,1013.08,15602.46,success,2026-05-05T23:07:19.653831
synth_768d_hc,containment,128,500,2850.3066947460175,2753.228853225708,0.3153,447.17,35442.07,success,2026-05-05T23:07:44.203803
synth_768d_hc,containment,128,1000,2850.3066947460175,2753.228853225708,0.4512,236.59,67010.41,success,2026-05-05T23:08:10.750981
synth_768d_hc,containment,128,2000,2850.3066947460175,2753.228853225708,0.6031,123.25,128703.16,success,2026-05-05T23:08:41.165518
synth_768d_hc,overlap,128,100,2850.3066947460175,2753.228853225708,0.085,4255.32,3633.34,success,2026-05-05T23:09:03.647339
synth_768d_hc,overlap,128,200,2850.3066947460175,2753.228853225708,0.1093,2637.38,5841.2,success,2026-05-05T23:09:26.334739
synth_768d_hc,overlap,128,500,2850.3066947460175,2753.228853225708,0.14800000000000002,1330.87,11691.94,success,2026-05-05T23:09:49.374170
synth_768d_hc,overlap,128,1000,2850.3066947460175,2753.228853225708,0.17170000000000002,793.91,19625.43,success,2026-05-05T23:10:12.939215
synth_768d_hc,overlap,128,2000,2850.3066947460175,2753.228853225708,0.187,478.42,32561.59,success,2026-05-05T23:10:37.372784
synth_768d_hc,equality,128,100,2850.3066947460175,2753.228853225708,0.0253,3847.2,3959.05,success,2026-05-05T23:10:59.970522
synth_768d_hc,equality,128,200,2850.3066947460175,2753.228853225708,0.0285,2235.0,6890.17,success,2026-05-05T23:11:22.697963
synth_768d_hc,equality,128,500,2850.3066947460175,2753.228853225708,0.0331,1041.61,14877.89,success,2026-05-05T23:11:46.016976
synth_768d_hc,equality,128,1000,2850.3066947460175,2753.228853225708,0.04190000000000001,572.28,27157.01,success,2026-05-05T23:12:10.043284
synth_768d_hc,equality,128,2000,2850.3066947460175,2753.228853225708,0.0567,316.3,49259.14,success,2026-05-05T23:12:35.578388
