dataset,R,stitched_R,Lbuild,alpha,Lsearch,build_time_s,index_size_mb,recall@10,qps,latency_us,status,timestamp
tripclick,32,32,100,1.2,100,1505.6287686824799,6706.691142082214,0.161,3969.06,4006.5,success,2026-01-30T23:28:39.673177
tripclick,32,32,100,1.2,200,1505.6287686824799,6706.691142082214,0.3159,2196.34,7245.86,success,2026-01-30T23:28:43.262616
tripclick,32,32,100,1.2,500,1505.6287686824799,6706.691142082214,0.7447,1083.6,14685.22,success,2026-01-30T23:28:47.283669
tripclick,32,32,100,1.2,1000,1505.6287686824799,6706.691142082214,0.9542,607.24,26212.14,success,2026-01-30T23:28:52.045816
tripclick,32,32,100,1.2,2000,1505.6287686824799,6706.691142082214,0.9798,336.94,47244.57,success,2026-01-30T23:28:58.161575
tripclick,64,32,100,1.2,100,2125.3852593898773,6896.598649024963,0.1583,4119.73,3856.33,success,2026-01-31T00:04:27.976796
tripclick,64,32,100,1.2,200,2125.3852593898773,6896.598649024963,0.3153,2433.17,6536.41,success,2026-01-31T00:04:31.530558
tripclick,64,32,100,1.2,500,2125.3852593898773,6896.598649024963,0.7426999999999999,1139.38,13968.89,success,2026-01-31T00:04:35.553256
tripclick,64,32,100,1.2,1000,2125.3852593898773,6896.598649024963,0.9460999999999999,628.08,25330.3,success,2026-01-31T00:04:40.250848
tripclick,64,32,100,1.2,2000,2125.3852593898773,6896.598649024963,0.9764,350.29,45454.45,success,2026-01-31T00:04:46.328772
tripclick,64,64,100,1.2,100,2114.211379289627,7020.349690437317,0.1563,2238.72,7108.25,success,2026-01-31T00:40:05.292303
tripclick,64,64,100,1.2,200,2114.211379289627,7020.349690437317,0.3099,1314.97,12104.33,success,2026-01-31T00:40:09.302404
tripclick,64,64,100,1.2,500,2114.211379289627,7020.349690437317,0.7498999999999999,640.49,24854.39,success,2026-01-31T00:40:14.104887
tripclick,64,64,100,1.2,1000,2114.211379289627,7020.349690437317,0.9821,368.11,43238.12,success,2026-01-31T00:40:20.026403
tripclick,64,64,100,1.2,2000,2114.211379289627,7020.349690437317,0.9965999999999999,215.76,73749.65,success,2026-01-31T00:40:27.908757
tripclick,128,32,100,1.2,100,2676.9582891464233,7041.056522369385,0.1585,4147.13,3830.57,success,2026-01-31T01:25:09.319227
tripclick,128,32,100,1.2,200,2676.9582891464233,7041.056522369385,0.31629999999999997,2459.02,6466.83,success,2026-01-31T01:25:12.823738
tripclick,128,32,100,1.2,500,2676.9582891464233,7041.056522369385,0.7387999999999999,1163.7,13672.64,success,2026-01-31T01:25:16.802118
tripclick,128,32,100,1.2,1000,2676.9582891464233,7041.056522369385,0.9403,647.7,24564.12,success,2026-01-31T01:25:21.482068
tripclick,128,32,100,1.2,2000,2676.9582891464233,7041.056522369385,0.9736,355.88,44732.13,success,2026-01-31T01:25:27.367406
tripclick,128,64,100,1.2,100,2686.3569869995117,7165.063361167908,0.1572,2287.51,6950.56,success,2026-01-31T02:10:18.453340
tripclick,128,64,100,1.2,200,2686.3569869995117,7165.063361167908,0.3093,1346.52,11818.36,success,2026-01-31T02:10:22.438301
tripclick,128,64,100,1.2,500,2686.3569869995117,7165.063361167908,0.7492,656.05,24252.93,success,2026-01-31T02:10:27.200110
tripclick,128,64,100,1.2,1000,2686.3569869995117,7165.063361167908,0.9806999999999999,376.76,42246.74,success,2026-01-31T02:10:33.084563
tripclick,128,64,100,1.2,2000,2686.3569869995117,7165.063361167908,0.9956,220.18,72291.05,success,2026-01-31T02:10:40.856144
tripclick,128,96,100,1.2,100,2688.082077026367,7273.2059688568115,0.1563,1610.19,9887.55,success,2026-01-31T02:55:33.969871
tripclick,128,96,100,1.2,200,2688.082077026367,7273.2059688568115,0.30879999999999996,948.69,16784.49,success,2026-01-31T02:55:38.354074
tripclick,128,96,100,1.2,500,2688.082077026367,7273.2059688568115,0.7491,471.49,33744.87,success,2026-01-31T02:55:43.796658
tripclick,128,96,100,1.2,1000,2688.082077026367,7273.2059688568115,0.9871,279.47,56915.03,success,2026-01-31T02:55:50.714338
tripclick,128,96,100,1.2,2000,2688.082077026367,7273.2059688568115,0.9987999999999999,165.81,95997.38,success,2026-01-31T02:56:00.041205
