dataset,M,M_beta,gamma,build_time_s,index_size_mb,recall@10,qps,status,timestamp
arxiv,32,48,4,75.2083625793457,440.9734516143799,0.9055,2131.42,success,2025-12-28T01:56:50.251146
arxiv,32,48,8,115.65694832801819,443.1052875518799,0.878,1982.93,success,2025-12-28T01:58:47.082575
arxiv,32,48,12,156.16535449028015,445.2371234893799,0.9285,1912.14,success,2025-12-28T02:01:24.535339
arxiv,32,48,24,288.47228717803955,451.6326313018799,0.926,1588.56,success,2025-12-28T02:06:14.345734
arxiv,32,64,4,80.16868495941162,449.07202339172363,0.9245,1470.31,success,2025-12-28T02:07:35.843350
arxiv,32,64,8,122.66964149475098,451.20385932922363,0.9075,1454.6,success,2025-12-28T02:09:39.792447
arxiv,32,64,12,163.83928179740906,453.33569526672363,0.954,1661.57,success,2025-12-28T02:12:24.962943
arxiv,32,64,24,298.20154905319214,459.73120307922363,0.9765,1643.61,success,2025-12-28T02:17:24.489071
arxiv,48,48,4,122.43089127540588,453.0937213897705,0.941,1218.27,success,2025-12-28T02:19:31.757951
arxiv,48,48,8,182.94561910629272,455.1979694366455,0.9775,1748.57,success,2025-12-28T02:22:36.199677
arxiv,48,48,12,238.39914464950562,457.3022174835205,0.973,1906.16,success,2025-12-28T02:26:36.083921
arxiv,48,48,24,396.6545934677124,463.6149616241455,0.977,1900.94,success,2025-12-28T02:33:14.231675
arxiv,48,64,4,129.98594760894775,461.19229316711426,0.974,1671.81,success,2025-12-28T02:35:25.868483
arxiv,48,64,8,189.8190143108368,463.29654121398926,0.991,1507.36,success,2025-12-28T02:38:37.346936
arxiv,48,64,12,249.37326216697693,465.40078926086426,0.9855,1279.26,success,2025-12-28T02:42:48.386769
arxiv,48,64,24,406.2285623550415,471.71353340148926,0.9855,1840.57,success,2025-12-28T02:49:36.293956
arxiv,48,96,4,144.04728984832764,477.38943672180176,0.9815,1195.05,success,2025-12-28T02:52:02.439192
arxiv,48,96,8,207.416419506073,479.49368476867676,0.993,1206.37,success,2025-12-28T02:55:31.742395
arxiv,48,96,12,266.24217557907104,481.59793281555176,0.9835,1720.09,success,2025-12-28T02:59:59.922470
arxiv,48,96,24,426.37164187431335,487.91067695617676,0.993,1197.06,success,2025-12-28T03:07:08.255258
arxiv,64,48,4,170.59300565719604,465.21641731262207,0.9895,1268.03,success,2025-12-28T03:10:02.201158
arxiv,64,48,8,247.39079117774963,467.29551887512207,0.972,1267.53,success,2025-12-28T03:14:11.219792
arxiv,64,48,12,313.1271321773529,469.37462043762207,0.9875,1266.62,success,2025-12-28T03:19:25.972402
arxiv,64,48,24,447.7074935436249,475.61192512512207,0.9865,1263.1,success,2025-12-28T03:26:55.336226
arxiv,64,64,4,182.05238270759583,473.3149890899658,0.9885,1558.19,success,2025-12-28T03:29:59.168971
arxiv,64,64,8,257.6656320095062,475.3940906524658,0.9935,1402.71,success,2025-12-28T03:34:18.722983
arxiv,64,64,12,324.8792941570282,477.4731922149658,0.978,1404.13,success,2025-12-28T03:39:45.503379
arxiv,64,64,24,463.01046681404114,483.7104969024658,0.983,1403.77,success,2025-12-28T03:47:30.364884
arxiv,64,96,4,197.60187196731567,489.5121326446533,1.0,1242.76,success,2025-12-28T03:50:50.206948
arxiv,64,96,8,275.64530754089355,491.5912342071533,0.999,1411.76,success,2025-12-28T03:55:28.065571
arxiv,64,96,12,343.76171875,493.6703357696533,0.9995,1230.79,success,2025-12-28T04:01:14.065795
arxiv,64,96,24,483.2327456474304,499.9076404571533,0.999,984.96,success,2025-12-28T04:09:19.550232
arxiv,64,128,4,214.43257236480713,505.7092761993408,1.0,1801.65,success,2025-12-28T04:12:56.704785
arxiv,64,128,8,293.15019822120667,507.7883777618408,0.995,1794.57,success,2025-12-28T04:17:52.396459
arxiv,64,128,12,361.25809931755066,509.8674793243408,1.0,829.425,success,2025-12-28T04:23:56.197599
arxiv,64,128,24,502.664990901947,516.1047840118408,0.9905,687.784,success,2025-12-28T04:32:21.382269
