dataset,nb,build_time_s,index_size_mb,recall@10,qps,status,timestamp
ytb_video,64,6.213796854019165,7.887423515319824,0.3325,3584.66,success,2025-12-18T21:04:56.983953
ytb_video,128,7.344048976898193,8.14036750793457,0.31,3700.9,success,2025-12-18T21:05:13.019945
ytb_video,256,10.127632856369019,8.65110969543457,0.294,4429.52,success,2025-12-18T21:05:31.789107
ytb_video,512,17.141026496887207,9.672595024108887,0.2565,3777.86,success,2025-12-18T21:05:57.521868
ytb_video,1024,39.787899017333984,11.71556568145752,0.3875,3303.47,success,2025-12-18T21:06:45.853571
ytb_video,2048,0,0,0,0,build_failed,2025-12-19T19:54:14.645356
ytb_video,4096,0,0,0,0,build_failed,2025-12-19T19:54:14.651162
ytb_video,2048,0,0,0,0,build_failed,2025-12-19T19:59:28.882018
ytb_video,2048,122.09623694419861,15.804025650024414,0.4525,1862.98,success,2025-12-19T20:02:17.383620
ytb_video,4096,400.17270588874817,23.973423957824707,0.2735,1830.45,success,2025-12-19T20:09:07.452878
