dataset,R,Lbuild,alpha,FilteredLbuild,Lsearch,build_time_s,index_size_mb,recall@10,qps,latency_us,status,timestamp
LAION1M,32,100,1.0,0,100,239.06465888023376,2097.115207672119,0.15410000000000001,9461.4,1668.82,success,2026-01-27T14:45:43.350389
LAION1M,32,100,1.0,0,200,239.06465888023376,2097.115207672119,0.3066,5821.68,2719.09,success,2026-01-27T14:45:45.697675
LAION1M,32,100,1.0,0,500,239.06465888023376,2097.115207672119,0.7129000000000001,2818.05,5622.67,success,2026-01-27T14:45:48.289621
LAION1M,32,100,1.0,0,1000,239.06465888023376,2097.115207672119,0.9305,1560.3,10170.82,success,2026-01-27T14:45:51.116162
LAION1M,32,100,1.0,0,2000,239.06465888023376,2097.115207672119,0.9586,818.38,19420.32,success,2026-01-27T14:45:54.553638
LAION1M,32,100,1.0,100,100,237.74305653572083,2097.1152172088623,0.1533,9487.79,1663.15,success,2026-01-27T14:49:55.095965
LAION1M,32,100,1.0,100,200,237.74305653572083,2097.1152172088623,0.3062,5823.05,2718.45,success,2026-01-27T14:49:57.467733
LAION1M,32,100,1.0,100,500,237.74305653572083,2097.1152172088623,0.7120000000000001,2831.98,5597.25,success,2026-01-27T14:50:00.032437
LAION1M,32,100,1.0,100,1000,237.74305653572083,2097.1152172088623,0.9305,1559.02,10175.73,success,2026-01-27T14:50:02.993571
LAION1M,32,100,1.0,100,2000,237.74305653572083,2097.1152172088623,0.9594,816.06,19457.47,success,2026-01-27T14:50:06.450779
LAION1M,32,100,1.0,200,100,307.52455019950867,2097.1152238845825,0.1528,9456.08,1669.17,success,2026-01-27T14:55:16.687423
LAION1M,32,100,1.0,200,200,307.52455019950867,2097.1152238845825,0.3053,5850.86,2705.44,success,2026-01-27T14:55:19.050842
LAION1M,32,100,1.0,200,500,307.52455019950867,2097.1152238845825,0.7145,2832.41,5596.55,success,2026-01-27T14:55:21.618089
LAION1M,32,100,1.0,200,1000,307.52455019950867,2097.1152238845825,0.9335,1554.55,10211.93,success,2026-01-27T14:55:24.461238
LAION1M,32,100,1.0,200,2000,307.52455019950867,2097.1152238845825,0.9612999999999999,817.88,19411.31,success,2026-01-27T14:55:28.025693
LAION1M,32,100,1.2,0,100,238.67008566856384,2097.1157178878784,0.1542,9533.29,1655.93,success,2026-01-27T14:59:29.529213
LAION1M,32,100,1.2,0,200,238.67008566856384,2097.1157178878784,0.3066,5822.37,2718.25,success,2026-01-27T14:59:31.888688
LAION1M,32,100,1.2,0,500,238.67008566856384,2097.1157178878784,0.7123999999999999,2835.19,5590.47,success,2026-01-27T14:59:34.430424
LAION1M,32,100,1.2,0,1000,238.67008566856384,2097.1157178878784,0.9299,1568.78,10114.68,success,2026-01-27T14:59:37.274057
LAION1M,32,100,1.2,0,2000,238.67008566856384,2097.1157178878784,0.9579000000000001,806.94,19679.71,success,2026-01-27T14:59:40.716428
LAION1M,32,100,1.2,100,100,236.34027528762817,2097.115725517273,0.1528,9515.65,1658.53,success,2026-01-27T15:03:39.758963
LAION1M,32,100,1.2,100,200,236.34027528762817,2097.115725517273,0.3061,5842.08,2709.69,success,2026-01-27T15:03:42.126523
LAION1M,32,100,1.2,100,500,236.34027528762817,2097.115725517273,0.7138,2823.37,5615.29,success,2026-01-27T15:03:44.651446
LAION1M,32,100,1.2,100,1000,236.34027528762817,2097.115725517273,0.9309000000000001,1566.75,10128.8,success,2026-01-27T15:03:47.516170
LAION1M,32,100,1.2,100,2000,236.34027528762817,2097.115725517273,0.958,807.65,19672.38,success,2026-01-27T15:03:50.966411
LAION1M,32,100,1.2,200,100,309.27767181396484,2097.115725517273,0.15289999999999998,9488.91,1663.42,success,2026-01-27T15:09:03.040111
LAION1M,32,100,1.2,200,200,309.27767181396484,2097.115725517273,0.3056,5815.78,2720.68,success,2026-01-27T15:09:05.488744
LAION1M,32,100,1.2,200,500,309.27767181396484,2097.115725517273,0.7134,2811.55,5638.21,success,2026-01-27T15:09:08.031194
LAION1M,32,100,1.2,200,1000,309.27767181396484,2097.115725517273,0.9337000000000001,1500.96,10572.68,success,2026-01-27T15:09:10.907008
LAION1M,32,100,1.2,200,2000,309.27767181396484,2097.115725517273,0.9611,815.77,19465.09,success,2026-01-27T15:09:14.328586
LAION1M,32,100,1.4,0,100,239.25252032279968,2097.1157178878784,0.1537,9430.98,1674.12,success,2026-01-27T15:13:16.433997
LAION1M,32,100,1.4,0,200,239.25252032279968,2097.1157178878784,0.3059,5801.25,2727.01,success,2026-01-27T15:13:18.807230
LAION1M,32,100,1.4,0,500,239.25252032279968,2097.1157178878784,0.7115,2818.24,5624.62,success,2026-01-27T15:13:21.429002
LAION1M,32,100,1.4,0,1000,239.25252032279968,2097.1157178878784,0.9303,1557.13,10195.69,success,2026-01-27T15:13:24.263208
LAION1M,32,100,1.4,0,2000,239.25252032279968,2097.1157178878784,0.9590000000000001,819.42,19395.71,success,2026-01-27T15:13:27.704769
LAION1M,32,100,1.4,100,100,238.66479873657227,2097.115725517273,0.1534,9405.33,1679.29,success,2026-01-27T15:17:29.192839
LAION1M,32,100,1.4,100,200,238.66479873657227,2097.115725517273,0.3065,5797.43,2731.82,success,2026-01-27T15:17:31.612290
LAION1M,32,100,1.4,100,500,238.66479873657227,2097.115725517273,0.7132,2831.24,5601.48,success,2026-01-27T15:17:34.193547
LAION1M,32,100,1.4,100,1000,238.66479873657227,2097.115725517273,0.9309000000000001,1503.29,10557.3,success,2026-01-27T15:17:37.050016
LAION1M,32,100,1.4,100,2000,238.66479873657227,2097.115725517273,0.9599,819.96,19372.61,success,2026-01-27T15:17:40.454176
LAION1M,32,100,1.4,200,100,307.9776544570923,2097.1157207489014,0.15289999999999998,9531.62,1656.93,success,2026-01-27T15:22:51.224761
LAION1M,32,100,1.4,200,200,307.9776544570923,2097.1157207489014,0.30579999999999996,5836.33,2710.15,success,2026-01-27T15:22:53.590050
LAION1M,32,100,1.4,200,500,307.9776544570923,2097.1157207489014,0.7139,2829.02,5606.07,success,2026-01-27T15:22:56.131966
LAION1M,32,100,1.4,200,1000,307.9776544570923,2097.1157207489014,0.9337000000000001,1559.94,10176.31,success,2026-01-27T15:22:58.985081
LAION1M,32,100,1.4,200,2000,307.9776544570923,2097.1157207489014,0.9612999999999999,818.44,19415.76,success,2026-01-27T15:23:02.425735
LAION1M,32,200,1.0,0,100,374.79093956947327,2097.115198135376,0.1531,9436.7,1672.92,success,2026-01-27T15:29:19.992152
LAION1M,32,200,1.0,0,200,374.79093956947327,2097.115198135376,0.3057,5802.28,2726.8,success,2026-01-27T15:29:22.372975
LAION1M,32,200,1.0,0,500,374.79093956947327,2097.115198135376,0.7167,2812.33,5636.73,success,2026-01-27T15:29:24.910714
LAION1M,32,200,1.0,0,1000,374.79093956947327,2097.115198135376,0.9346,1549.62,10200.78,success,2026-01-27T15:29:27.764262
LAION1M,32,200,1.0,0,2000,374.79093956947327,2097.115198135376,0.9621,817.62,19423.62,success,2026-01-27T15:29:31.189927
LAION1M,32,200,1.0,100,100,326.28952169418335,2097.1151943206787,0.1532,9507.48,1661.14,success,2026-01-27T15:35:00.267159
LAION1M,32,200,1.0,100,200,326.28952169418335,2097.1151943206787,0.3061,5801.78,2728.25,success,2026-01-27T15:35:02.685622
LAION1M,32,200,1.0,100,500,326.28952169418335,2097.1151943206787,0.7154,2824.71,5611.0,success,2026-01-27T15:35:05.262278
LAION1M,32,200,1.0,100,1000,326.28952169418335,2097.1151943206787,0.9335,1494.61,10622.73,success,2026-01-27T15:35:08.123791
LAION1M,32,200,1.0,100,2000,326.28952169418335,2097.1151943206787,0.9614,810.51,19596.38,success,2026-01-27T15:35:11.572576
LAION1M,32,200,1.0,200,100,378.80192828178406,2097.11519241333,0.153,9378.07,1684.3,success,2026-01-27T15:41:33.192184
LAION1M,32,200,1.0,200,200,378.80192828178406,2097.11519241333,0.30579999999999996,5783.81,2735.01,success,2026-01-27T15:41:35.606681
LAION1M,32,200,1.0,200,500,378.80192828178406,2097.11519241333,0.7171,2802.85,5658.13,success,2026-01-27T15:41:38.206745
LAION1M,32,200,1.0,200,1000,378.80192828178406,2097.11519241333,0.935,1550.02,10235.7,success,2026-01-27T15:41:41.074900
LAION1M,32,200,1.0,200,2000,378.80192828178406,2097.11519241333,0.9623999999999999,813.16,19545.55,success,2026-01-27T15:41:44.546666
LAION1M,32,200,1.2,0,100,376.85798621177673,2097.1157207489014,0.1531,9399.9,1678.82,success,2026-01-27T15:48:04.188609
LAION1M,32,200,1.2,0,200,376.85798621177673,2097.1157207489014,0.3056,5781.49,2737.66,success,2026-01-27T15:48:06.596536
LAION1M,32,200,1.2,0,500,376.85798621177673,2097.1157207489014,0.7162999999999999,2813.41,5635.78,success,2026-01-27T15:48:09.164123
LAION1M,32,200,1.2,0,1000,376.85798621177673,2097.1157207489014,0.9343,1548.85,10243.14,success,2026-01-27T15:48:12.032262
LAION1M,32,200,1.2,0,2000,376.85798621177673,2097.1157207489014,0.9619,797.74,19920.05,success,2026-01-27T15:48:15.505274
LAION1M,32,200,1.2,100,100,312.92362666130066,2097.11571598053,0.1533,9460.15,1668.22,success,2026-01-27T15:53:31.338265
LAION1M,32,200,1.2,100,200,312.92362666130066,2097.11571598053,0.3063,5832.18,2714.39,success,2026-01-27T15:53:33.730700
LAION1M,32,200,1.2,100,500,312.92362666130066,2097.11571598053,0.7162000000000001,2820.58,5620.32,success,2026-01-27T15:53:36.331960
LAION1M,32,200,1.2,100,1000,312.92362666130066,2097.11571598053,0.9336,1553.15,10214.64,success,2026-01-27T15:53:39.199308
LAION1M,32,200,1.2,100,2000,312.92362666130066,2097.11571598053,0.9614,816.88,19445.19,success,2026-01-27T15:53:42.672182
LAION1M,32,200,1.2,200,100,380.8718454837799,2097.1157217025757,0.1532,9421.48,1676.08,success,2026-01-27T16:00:06.902728
LAION1M,32,200,1.2,200,200,380.8718454837799,2097.1157217025757,0.3057,5792.18,2732.01,success,2026-01-27T16:00:09.332447
LAION1M,32,200,1.2,200,500,380.8718454837799,2097.1157217025757,0.7169,2625.13,6039.38,success,2026-01-27T16:00:12.038468
LAION1M,32,200,1.2,200,1000,380.8718454837799,2097.1157217025757,0.9351,1549.89,10240.28,success,2026-01-27T16:00:15.209632
LAION1M,32,200,1.2,200,2000,380.8718454837799,2097.1157217025757,0.9623999999999999,797.77,19908.81,success,2026-01-27T16:00:18.869416
LAION1M,32,200,1.4,0,100,378.3010880947113,2097.115716934204,0.1535,9422.93,1675.45,success,2026-01-27T16:06:39.919790
LAION1M,32,200,1.4,0,200,378.3010880947113,2097.115716934204,0.3055,5804.17,2725.99,success,2026-01-27T16:06:42.330362
LAION1M,32,200,1.4,0,500,378.3010880947113,2097.115716934204,0.7168000000000001,2818.93,5621.54,success,2026-01-27T16:06:44.933577
LAION1M,32,200,1.4,0,1000,378.3010880947113,2097.115716934204,0.9348000000000001,1497.73,10598.33,success,2026-01-27T16:06:47.812396
LAION1M,32,200,1.4,0,2000,378.3010880947113,2097.115716934204,0.9634,814.18,19513.59,success,2026-01-27T16:06:51.258156
LAION1M,32,200,1.4,100,100,312.8857262134552,2097.1157245635986,0.1534,9342.48,1689.57,success,2026-01-27T16:12:06.933066
LAION1M,32,200,1.4,100,200,312.8857262134552,2097.1157245635986,0.3061,5804.38,2727.24,success,2026-01-27T16:12:09.362104
LAION1M,32,200,1.4,100,500,312.8857262134552,2097.1157245635986,0.7159,2812.73,5633.11,success,2026-01-27T16:12:11.969232
LAION1M,32,200,1.4,100,1000,312.8857262134552,2097.1157245635986,0.9334,1552.6,10218.85,success,2026-01-27T16:12:14.849331
LAION1M,32,200,1.4,100,2000,312.8857262134552,2097.1157245635986,0.9612999999999999,816.4,19459.63,success,2026-01-27T16:12:18.305246
LAION1M,32,200,1.4,200,100,382.27351474761963,2097.1157217025757,0.1534,9385.83,1680.95,success,2026-01-27T16:18:43.450107
LAION1M,32,200,1.4,200,200,382.27351474761963,2097.1157217025757,0.30579999999999996,5772.71,2740.58,success,2026-01-27T16:18:45.864013
LAION1M,32,200,1.4,200,500,382.27351474761963,2097.1157217025757,0.7167,2798.95,5661.83,success,2026-01-27T16:18:48.466589
LAION1M,32,200,1.4,200,1000,382.27351474761963,2097.1157217025757,0.9346,1495.31,10614.47,success,2026-01-27T16:18:51.359437
LAION1M,32,200,1.4,200,2000,382.27351474761963,2097.1157217025757,0.9623,804.89,19743.0,success,2026-01-27T16:18:54.836442
LAION1M,64,100,1.0,0,100,395.19028544425964,2219.2108478546143,0.1558,5382.49,2940.79,success,2026-01-27T16:25:33.065475
LAION1M,64,100,1.0,0,200,395.19028544425964,2219.2108478546143,0.3097,3278.26,4830.59,success,2026-01-27T16:25:35.717593
LAION1M,64,100,1.0,0,500,395.19028544425964,2219.2108478546143,0.725,1763.79,8986.88,success,2026-01-27T16:25:38.716191
LAION1M,64,100,1.0,0,1000,395.19028544425964,2219.2108478546143,0.9665,993.17,15984.94,success,2026-01-27T16:25:42.044160
LAION1M,64,100,1.0,0,2000,395.19028544425964,2219.2108478546143,0.9843999999999999,490.4,32420.35,success,2026-01-27T16:25:46.345628
LAION1M,64,100,1.0,100,100,386.29562854766846,2219.211049079895,0.1555,5773.43,2741.63,success,2026-01-27T16:32:15.785315
LAION1M,64,100,1.0,100,200,386.29562854766846,2219.211049079895,0.3095,3579.89,4422.88,success,2026-01-27T16:32:18.517199
LAION1M,64,100,1.0,100,500,386.29562854766846,2219.211049079895,0.725,1752.11,9045.08,success,2026-01-27T16:32:21.446190
LAION1M,64,100,1.0,100,1000,386.29562854766846,2219.211049079895,0.9665,970.54,16350.77,success,2026-01-27T16:32:24.850289
LAION1M,64,100,1.0,100,2000,386.29562854766846,2219.211049079895,0.9843000000000001,519.86,30599.72,success,2026-01-27T16:32:29.125022
LAION1M,64,100,1.0,200,100,500.2284095287323,2219.238706588745,0.1561,5757.94,2746.94,success,2026-01-27T16:40:52.528660
LAION1M,64,100,1.0,200,200,500.2284095287323,2219.238706588745,0.3104,3574.11,4430.99,success,2026-01-27T16:40:55.187644
LAION1M,64,100,1.0,200,500,500.2284095287323,2219.238706588745,0.7264,1749.93,9059.29,success,2026-01-27T16:40:58.202163
LAION1M,64,100,1.0,200,1000,500.2284095287323,2219.238706588745,0.9693,962.52,16492.91,success,2026-01-27T16:41:01.712678
LAION1M,64,100,1.0,200,2000,500.2284095287323,2219.238706588745,0.9871,516.22,30784.54,success,2026-01-27T16:41:06.615816
LAION1M,64,100,1.2,0,100,386.1770050525665,2219.237129211426,0.1559,5781.17,2737.2,success,2026-01-27T16:47:35.852209
LAION1M,64,100,1.2,0,200,386.1770050525665,2219.237129211426,0.3096,3575.52,4427.91,success,2026-01-27T16:47:38.471688
LAION1M,64,100,1.2,0,500,386.1770050525665,2219.237129211426,0.7252,1755.93,9033.75,success,2026-01-27T16:47:41.443426
LAION1M,64,100,1.2,0,1000,386.1770050525665,2219.237129211426,0.9665,971.59,16338.12,success,2026-01-27T16:47:44.817912
LAION1M,64,100,1.2,0,2000,386.1770050525665,2219.237129211426,0.9843000000000001,527.57,30116.64,success,2026-01-27T16:47:49.162197
LAION1M,64,100,1.2,100,100,395.178662776947,2219.2371129989624,0.15560000000000002,5627.41,2812.98,success,2026-01-27T16:54:27.539732
LAION1M,64,100,1.2,100,200,395.178662776947,2219.2371129989624,0.3097,3444.37,4596.78,success,2026-01-27T16:54:30.219040
LAION1M,64,100,1.2,100,500,395.178662776947,2219.2371129989624,0.725,1743.84,9089.75,success,2026-01-27T16:54:33.265155
LAION1M,64,100,1.2,100,1000,395.178662776947,2219.2371129989624,0.9662999999999999,973.51,16298.45,success,2026-01-27T16:54:36.673171
LAION1M,64,100,1.2,100,2000,395.178662776947,2219.2371129989624,0.9841,537.99,29541.91,success,2026-01-27T16:54:40.903079
LAION1M,64,100,1.2,200,100,522.127108335495,2219.240599632263,0.1559,5212.39,3036.13,success,2026-01-27T17:03:26.154686
LAION1M,64,100,1.2,200,200,522.127108335495,2219.240599632263,0.31010000000000004,3095.55,4922.21,success,2026-01-27T17:03:28.902571
LAION1M,64,100,1.2,200,500,522.127108335495,2219.240599632263,0.7263,1608.32,9856.14,success,2026-01-27T17:03:31.951461
LAION1M,64,100,1.2,200,1000,522.127108335495,2219.240599632263,0.9691,902.39,17590.42,success,2026-01-27T17:03:35.472289
LAION1M,64,100,1.2,200,2000,522.127108335495,2219.240599632263,0.987,503.03,31585.35,success,2026-01-27T17:03:39.890008
LAION1M,64,100,1.4,0,100,422.7337429523468,2219.237247467041,0.1557,5804.63,2725.09,success,2026-01-27T17:10:45.675216
LAION1M,64,100,1.4,0,200,422.7337429523468,2219.237247467041,0.3098,3586.69,4413.96,success,2026-01-27T17:10:48.372465
LAION1M,64,100,1.4,0,500,422.7337429523468,2219.237247467041,0.7251000000000001,1650.52,9604.66,success,2026-01-27T17:10:51.392870
LAION1M,64,100,1.4,0,1000,422.7337429523468,2219.237247467041,0.9667,946.51,16755.88,success,2026-01-27T17:10:54.777018
LAION1M,64,100,1.4,0,2000,422.7337429523468,2219.237247467041,0.9843999999999999,498.86,31846.28,success,2026-01-27T17:10:59.097333
LAION1M,64,100,1.4,100,100,403.89874601364136,2219.2371940612793,0.1559,5806.11,2725.28,success,2026-01-27T17:17:45.950149
LAION1M,64,100,1.4,100,200,403.89874601364136,2219.2371940612793,0.3096,3596.95,4402.12,success,2026-01-27T17:17:48.601292
LAION1M,64,100,1.4,100,500,403.89874601364136,2219.2371940612793,0.725,1756.92,9019.51,success,2026-01-27T17:17:51.520884
LAION1M,64,100,1.4,100,1000,403.89874601364136,2219.2371940612793,0.9666,974.53,16281.99,success,2026-01-27T17:17:54.924187
LAION1M,64,100,1.4,100,2000,403.89874601364136,2219.2371940612793,0.9843999999999999,523.33,30373.45,success,2026-01-27T17:17:59.247762
LAION1M,64,100,1.4,200,100,501.74454259872437,2219.2406034469604,0.156,4956.06,3195.72,success,2026-01-27T17:26:24.197816
LAION1M,64,100,1.4,200,200,501.74454259872437,2219.2406034469604,0.3102,3370.68,4700.03,success,2026-01-27T17:26:27.101026
LAION1M,64,100,1.4,200,500,501.74454259872437,2219.2406034469604,0.7264,1718.14,9227.31,success,2026-01-27T17:26:30.085916
LAION1M,64,100,1.4,200,1000,501.74454259872437,2219.2406034469604,0.9691,968.33,16389.17,success,2026-01-27T17:26:33.937753
LAION1M,64,100,1.4,200,2000,501.74454259872437,2219.2406034469604,0.9871,499.48,31845.95,success,2026-01-27T17:26:38.429853
LAION1M,64,200,1.0,0,100,604.014146566391,2219.238709449768,0.1563,5775.13,2740.13,success,2026-01-27T17:36:45.659009
LAION1M,64,200,1.0,0,200,604.014146566391,2219.238709449768,0.3102,3283.3,4826.57,success,2026-01-27T17:36:48.438543
LAION1M,64,200,1.0,0,500,604.014146566391,2219.238709449768,0.7264,1748.3,9069.51,success,2026-01-27T17:36:51.397244
LAION1M,64,200,1.0,0,1000,604.014146566391,2219.238709449768,0.9698,969.64,16369.75,success,2026-01-27T17:36:54.842557
LAION1M,64,200,1.0,0,2000,604.014146566391,2219.238709449768,0.9873000000000001,502.07,31663.4,success,2026-01-27T17:36:59.229520
LAION1M,64,200,1.0,100,100,515.9770610332489,2219.238676071167,0.1563,5808.01,2724.79,success,2026-01-27T17:45:38.458161
LAION1M,64,200,1.0,100,200,515.9770610332489,2219.238676071167,0.3102,3585.17,4420.42,success,2026-01-27T17:45:41.154614
LAION1M,64,200,1.0,100,500,515.9770610332489,2219.238676071167,0.7265,1753.49,9039.81,success,2026-01-27T17:45:44.162468
LAION1M,64,200,1.0,100,1000,515.9770610332489,2219.238676071167,0.9695999999999999,968.87,16386.27,success,2026-01-27T17:45:47.634588
LAION1M,64,200,1.0,100,2000,515.9770610332489,2219.238676071167,0.9869,501.16,31714.16,success,2026-01-27T17:45:52.040168
LAION1M,64,200,1.0,200,100,631.5486006736755,2219.2387142181396,0.1563,5555.01,2847.85,success,2026-01-27T17:56:26.705221
LAION1M,64,200,1.0,200,200,631.5486006736755,2219.2387142181396,0.3102,3438.3,4609.08,success,2026-01-27T17:56:29.507279
LAION1M,64,200,1.0,200,500,631.5486006736755,2219.2387142181396,0.7265999999999999,1729.57,9166.02,success,2026-01-27T17:56:32.511464
LAION1M,64,200,1.0,200,1000,631.5486006736755,2219.2387142181396,0.9698,987.1,16070.62,success,2026-01-27T17:56:36.147394
LAION1M,64,200,1.0,200,2000,631.5486006736755,2219.2387142181396,0.9872,526.06,30200.07,success,2026-01-27T17:56:40.464082
LAION1M,64,200,1.2,0,100,635.1878519058228,2219.240613937378,0.1563,5661.58,2794.57,success,2026-01-27T18:07:18.732088
LAION1M,64,200,1.2,0,200,635.1878519058228,2219.240613937378,0.3102,3551.21,4458.08,success,2026-01-27T18:07:21.443403
LAION1M,64,200,1.2,0,500,635.1878519058228,2219.240613937378,0.7265999999999999,1762.28,8999.97,success,2026-01-27T18:07:24.457330
LAION1M,64,200,1.2,0,1000,635.1878519058228,2219.240613937378,0.9698,984.61,16116.3,success,2026-01-27T18:07:27.918431
LAION1M,64,200,1.2,0,2000,635.1878519058228,2219.240613937378,0.9872,518.32,30673.07,success,2026-01-27T18:07:32.264322
LAION1M,64,200,1.2,100,100,496.70677280426025,2219.240616798401,0.1563,5814.76,2721.25,success,2026-01-27T18:15:51.991532
LAION1M,64,200,1.2,100,200,496.70677280426025,2219.240616798401,0.31010000000000004,3588.61,4411.78,success,2026-01-27T18:15:54.711215
LAION1M,64,200,1.2,100,500,496.70677280426025,2219.240616798401,0.7263,1751.41,9052.05,success,2026-01-27T18:15:57.719670
LAION1M,64,200,1.2,100,1000,496.70677280426025,2219.240616798401,0.9695999999999999,948.2,16748.17,success,2026-01-27T18:16:01.185433
LAION1M,64,200,1.2,100,2000,496.70677280426025,2219.240616798401,0.9869,524.52,30294.61,success,2026-01-27T18:16:05.895702
LAION1M,64,200,1.2,200,100,610.2604444026947,2219.240611076355,0.1563,5785.88,2733.67,success,2026-01-27T18:26:19.321384
LAION1M,64,200,1.2,200,200,610.2604444026947,2219.240611076355,0.3102,3580.67,4423.06,success,2026-01-27T18:26:22.036960
LAION1M,64,200,1.2,200,500,610.2604444026947,2219.240611076355,0.7264,1733.17,9141.87,success,2026-01-27T18:26:25.067385
LAION1M,64,200,1.2,200,1000,610.2604444026947,2219.240611076355,0.9697,965.67,16435.56,success,2026-01-27T18:26:28.635168
LAION1M,64,200,1.2,200,2000,610.2604444026947,2219.240611076355,0.9872,527.14,30151.71,success,2026-01-27T18:26:32.957058
LAION1M,64,200,1.4,0,100,616.3359379768372,2219.240617752075,0.1563,5790.8,2732.02,success,2026-01-27T18:36:52.333938
LAION1M,64,200,1.4,0,200,616.3359379768372,2219.240617752075,0.31010000000000004,3577.18,4428.0,success,2026-01-27T18:36:55.067993
LAION1M,64,200,1.4,0,500,616.3359379768372,2219.240617752075,0.7265,1756.52,9024.4,success,2026-01-27T18:36:58.010830
LAION1M,64,200,1.4,0,1000,616.3359379768372,2219.240617752075,0.9699,967.44,16413.14,success,2026-01-27T18:37:01.461047
LAION1M,64,200,1.4,0,2000,616.3359379768372,2219.240617752075,0.9872,520.69,30522.71,success,2026-01-27T18:37:05.773640
LAION1M,64,200,1.4,100,100,502.6882498264313,2219.2406148910522,0.1564,5752.04,2750.8,success,2026-01-27T18:45:31.548662
LAION1M,64,200,1.4,100,200,502.6882498264313,2219.2406148910522,0.3103,3572.75,4432.92,success,2026-01-27T18:45:34.288033
LAION1M,64,200,1.4,100,500,502.6882498264313,2219.2406148910522,0.7267,1761.69,8997.9,success,2026-01-27T18:45:37.281539
LAION1M,64,200,1.4,100,1000,502.6882498264313,2219.2406148910522,0.9698,986.16,16094.19,success,2026-01-27T18:45:40.739250
LAION1M,64,200,1.4,100,2000,502.6882498264313,2219.2406148910522,0.987,527.82,30098.22,success,2026-01-27T18:45:45.075397
LAION1M,64,200,1.4,200,100,606.7808997631073,2219.240611076355,0.1563,5706.46,2771.45,success,2026-01-27T18:55:54.896519
LAION1M,64,200,1.4,200,200,606.7808997631073,2219.240611076355,0.31010000000000004,3562.8,4444.82,success,2026-01-27T18:55:57.666715
LAION1M,64,200,1.4,200,500,606.7808997631073,2219.240611076355,0.7265,1764.58,8983.02,success,2026-01-27T18:56:00.623096
LAION1M,64,200,1.4,200,1000,606.7808997631073,2219.240611076355,0.9698,989.88,16035.53,success,2026-01-27T18:56:04.113927
LAION1M,64,200,1.4,200,2000,606.7808997631073,2219.240611076355,0.9871,526.96,30167.7,success,2026-01-27T18:56:08.422781
LAION1M,128,100,1.0,0,100,626.7362790107727,2413.0688467025757,0.1595,3437.0,4613.21,success,2026-01-27T19:06:38.574299
LAION1M,128,100,1.0,0,200,626.7362790107727,2413.0688467025757,0.311,2130.98,7437.93,success,2026-01-27T19:06:41.609950
LAION1M,128,100,1.0,0,500,626.7362790107727,2413.0688467025757,0.73,1024.6,15471.3,success,2026-01-27T19:06:45.539790
LAION1M,128,100,1.0,0,1000,626.7362790107727,2413.0688467025757,0.9840000000000001,537.19,29574.63,success,2026-01-27T19:06:50.341710
LAION1M,128,100,1.0,0,2000,626.7362790107727,2413.0688467025757,0.9964,319.36,49771.73,success,2026-01-27T19:06:56.243420
LAION1M,128,100,1.0,100,100,632.6716086864471,2413.050750732422,0.1594,3477.1,4560.15,success,2026-01-27T19:17:32.496735
LAION1M,128,100,1.0,100,200,632.6716086864471,2413.050750732422,0.3116,2128.04,7444.5,success,2026-01-27T19:17:35.538453
LAION1M,128,100,1.0,100,500,632.6716086864471,2413.050750732422,0.7304999999999999,1025.55,15472.07,success,2026-01-27T19:17:39.201091
LAION1M,128,100,1.0,100,1000,632.6716086864471,2413.050750732422,0.9845999999999999,563.83,28173.96,success,2026-01-27T19:17:43.544199
LAION1M,128,100,1.0,100,2000,632.6716086864471,2413.050750732422,0.9967,312.56,50859.58,success,2026-01-27T19:17:49.337049
LAION1M,128,100,1.0,200,100,848.3377315998077,2451.585349082947,0.1607,3433.03,4619.94,success,2026-01-27T19:32:01.246031
LAION1M,128,100,1.0,200,200,848.3377315998077,2451.585349082947,0.3102,2113.49,7496.68,success,2026-01-27T19:32:04.412400
LAION1M,128,100,1.0,200,500,848.3377315998077,2451.585349082947,0.7314,1028.0,15425.23,success,2026-01-27T19:32:08.154220
LAION1M,128,100,1.0,200,1000,848.3377315998077,2451.585349082947,0.9849,569.14,27916.47,success,2026-01-27T19:32:12.576927
LAION1M,128,100,1.0,200,2000,848.3377315998077,2451.585349082947,0.9958,321.5,49463.53,success,2026-01-27T19:32:18.378945
LAION1M,128,100,1.2,0,100,628.3988471031189,2440.7005977630615,0.1595,3460.28,4582.36,success,2026-01-27T19:42:50.276875
LAION1M,128,100,1.2,0,200,628.3988471031189,2440.7005977630615,0.3114,2103.5,7530.22,success,2026-01-27T19:42:53.424562
LAION1M,128,100,1.2,0,500,628.3988471031189,2440.7005977630615,0.7308,986.94,16074.6,success,2026-01-27T19:42:57.124792
LAION1M,128,100,1.2,0,1000,628.3988471031189,2440.7005977630615,0.9853000000000001,565.67,28089.93,success,2026-01-27T19:43:01.550969
LAION1M,128,100,1.2,0,2000,628.3988471031189,2440.7005977630615,0.9971,311.66,50993.86,success,2026-01-27T19:43:07.389463
LAION1M,128,100,1.2,100,100,625.24236369133,2440.7056856155396,0.15960000000000002,3460.24,4581.74,success,2026-01-27T19:53:36.190264
LAION1M,128,100,1.2,100,200,625.24236369133,2440.7056856155396,0.3111,2109.77,7509.57,success,2026-01-27T19:53:39.354626
LAION1M,128,100,1.2,100,500,625.24236369133,2440.7056856155396,0.7306999999999999,1015.95,15614.41,success,2026-01-27T19:53:42.983859
LAION1M,128,100,1.2,100,1000,625.24236369133,2440.7056856155396,0.9851000000000001,559.84,28383.17,success,2026-01-27T19:53:47.383327
LAION1M,128,100,1.2,100,2000,625.24236369133,2440.7056856155396,0.9965999999999999,312.13,50946.62,success,2026-01-27T19:53:53.187177
LAION1M,128,100,1.2,200,100,845.2515988349915,2461.201555252075,0.1605,3409.09,4648.02,success,2026-01-27T20:08:02.067647
LAION1M,128,100,1.2,200,200,845.2515988349915,2461.201555252075,0.3104,2118.44,7482.12,success,2026-01-27T20:08:05.237289
LAION1M,128,100,1.2,200,500,845.2515988349915,2461.201555252075,0.7314,1004.94,15792.24,success,2026-01-27T20:08:08.880893
LAION1M,128,100,1.2,200,1000,845.2515988349915,2461.201555252075,0.9854,578.95,27426.73,success,2026-01-27T20:08:13.234588
LAION1M,128,100,1.2,200,2000,845.2515988349915,2461.201555252075,0.9959,324.07,49047.84,success,2026-01-27T20:08:18.964518
LAION1M,128,100,1.4,0,100,628.4332048892975,2440.7051134109497,0.1594,3435.54,4613.46,success,2026-01-27T20:18:50.829641
LAION1M,128,100,1.4,0,200,628.4332048892975,2440.7051134109497,0.311,2101.41,7543.52,success,2026-01-27T20:18:53.914232
LAION1M,128,100,1.4,0,500,628.4332048892975,2440.7051134109497,0.7304,1009.25,15718.13,success,2026-01-27T20:18:57.537095
LAION1M,128,100,1.4,0,1000,628.4332048892975,2440.7051134109497,0.9851000000000001,564.13,28162.74,success,2026-01-27T20:19:02.017221
LAION1M,128,100,1.4,0,2000,628.4332048892975,2440.7051134109497,0.9969,311.36,51055.48,success,2026-01-27T20:19:07.923632
LAION1M,128,100,1.4,100,100,628.6040613651276,2440.703332901001,0.15960000000000002,3437.21,4610.29,success,2026-01-27T20:29:39.962257
LAION1M,128,100,1.4,100,200,628.6040613651276,2440.703332901001,0.31120000000000003,2105.3,7526.96,success,2026-01-27T20:29:43.051242
LAION1M,128,100,1.4,100,500,628.6040613651276,2440.703332901001,0.7304,1010.8,15695.9,success,2026-01-27T20:29:46.703556
LAION1M,128,100,1.4,100,1000,628.6040613651276,2440.703332901001,0.985,564.65,28137.83,success,2026-01-27T20:29:51.126780
LAION1M,128,100,1.4,100,2000,628.6040613651276,2440.703332901001,0.997,312.62,50863.81,success,2026-01-27T20:29:56.949341
LAION1M,128,100,1.4,200,100,846.9394750595093,2461.2018575668335,0.1605,3430.72,4622.25,success,2026-01-27T20:44:07.555938
LAION1M,128,100,1.4,200,200,846.9394750595093,2461.2018575668335,0.3104,2122.7,7463.15,success,2026-01-27T20:44:10.639607
LAION1M,128,100,1.4,200,500,846.9394750595093,2461.2018575668335,0.7315999999999999,1031.11,15383.57,success,2026-01-27T20:44:14.299474
LAION1M,128,100,1.4,200,1000,846.9394750595093,2461.2018575668335,0.9853000000000001,572.06,27765.11,success,2026-01-27T20:44:18.654783
LAION1M,128,100,1.4,200,2000,846.9394750595093,2461.2018575668335,0.9958,321.57,49464.88,success,2026-01-27T20:44:24.382915
LAION1M,128,200,1.0,0,100,994.7269084453583,2454.796229362488,0.1604,3436.55,4612.39,success,2026-01-27T21:01:03.077152
LAION1M,128,200,1.0,0,200,994.7269084453583,2454.796229362488,0.3103,2024.41,7833.78,success,2026-01-27T21:01:06.271838
LAION1M,128,200,1.0,0,500,994.7269084453583,2454.796229362488,0.7313,1030.99,15380.99,success,2026-01-27T21:01:09.855367
LAION1M,128,200,1.0,0,1000,994.7269084453583,2454.796229362488,0.985,582.2,27288.28,success,2026-01-27T21:01:14.213410
LAION1M,128,200,1.0,0,2000,994.7269084453583,2454.796229362488,0.9959,324.11,49073.59,success,2026-01-27T21:01:19.973443
LAION1M,128,200,1.0,100,100,817.8910818099976,2450.45765209198,0.1602,3428.3,4625.05,success,2026-01-27T21:15:01.996157
LAION1M,128,200,1.0,100,200,817.8910818099976,2450.45765209198,0.3107,2127.25,7453.69,success,2026-01-27T21:15:05.494442
LAION1M,128,200,1.0,100,500,817.8910818099976,2450.45765209198,0.7313,1032.66,15365.49,success,2026-01-27T21:15:09.129495
LAION1M,128,200,1.0,100,1000,817.8910818099976,2450.45765209198,0.9847,572.89,27714.27,success,2026-01-27T21:15:13.488392
LAION1M,128,200,1.0,100,2000,817.8910818099976,2450.45765209198,0.996,321.48,49465.99,success,2026-01-27T21:15:19.221921
LAION1M,128,200,1.0,200,100,996.1815493106842,2454.7952423095703,0.1604,3413.55,4645.4,success,2026-01-27T21:31:58.853143
LAION1M,128,200,1.0,200,200,996.1815493106842,2454.7952423095703,0.3103,2022.71,7837.94,success,2026-01-27T21:32:02.112276
LAION1M,128,200,1.0,200,500,996.1815493106842,2454.7952423095703,0.7314,1028.31,15428.46,success,2026-01-27T21:32:06.103448
LAION1M,128,200,1.0,200,1000,996.1815493106842,2454.7952423095703,0.985,580.79,27346.88,success,2026-01-27T21:32:10.440222
LAION1M,128,200,1.0,200,2000,996.1815493106842,2454.7952423095703,0.9959,324.01,49074.29,success,2026-01-27T21:32:16.389861
LAION1M,128,200,1.2,0,100,1002.1762223243713,2461.9537830352783,0.1603,3422.27,4633.86,success,2026-01-27T21:49:02.215207
LAION1M,128,200,1.2,0,200,1002.1762223243713,2461.9537830352783,0.3105,2110.18,7509.64,success,2026-01-27T21:49:05.320804
LAION1M,128,200,1.2,0,500,1002.1762223243713,2461.9537830352783,0.7313,1030.69,15390.39,success,2026-01-27T21:49:08.968253
LAION1M,128,200,1.2,0,1000,1002.1762223243713,2461.9537830352783,0.9849,573.26,27697.81,success,2026-01-27T21:49:13.369967
LAION1M,128,200,1.2,0,2000,1002.1762223243713,2461.9537830352783,0.9959,321.46,49474.42,success,2026-01-27T21:49:19.108332
LAION1M,128,200,1.2,100,100,826.1430735588074,2460.762360572815,0.1603,3441.93,4606.69,success,2026-01-27T22:03:09.256970
LAION1M,128,200,1.2,100,200,826.1430735588074,2460.762360572815,0.3109,2120.19,7474.04,success,2026-01-27T22:03:13.854830
LAION1M,128,200,1.2,100,500,826.1430735588074,2460.762360572815,0.731,1025.99,15462.04,success,2026-01-27T22:03:17.889131
LAION1M,128,200,1.2,100,1000,826.1430735588074,2460.762360572815,0.9849,580.96,27341.35,success,2026-01-27T22:03:22.319481
LAION1M,128,200,1.2,100,2000,826.1430735588074,2460.762360572815,0.9959,324.36,49024.65,success,2026-01-27T22:03:28.532893
LAION1M,128,200,1.2,200,100,1002.5891511440277,2461.954511642456,0.16010000000000002,3441.48,4606.25,success,2026-01-27T22:20:14.785067
LAION1M,128,200,1.2,200,200,1002.5891511440277,2461.954511642456,0.3105,2120.32,7470.26,success,2026-01-27T22:20:17.883693
LAION1M,128,200,1.2,200,500,1002.5891511440277,2461.954511642456,0.7312000000000001,1007.35,15751.01,success,2026-01-27T22:20:21.534446
LAION1M,128,200,1.2,200,1000,1002.5891511440277,2461.954511642456,0.9849,583.16,27237.72,success,2026-01-27T22:20:25.858564
LAION1M,128,200,1.2,200,2000,1002.5891511440277,2461.954511642456,0.9959,325.67,48831.39,success,2026-01-27T22:20:31.611821
LAION1M,128,200,1.4,0,100,997.5277633666992,2461.9528255462646,0.1604,3420.3,4635.98,success,2026-01-27T22:37:13.020613
LAION1M,128,200,1.4,0,200,997.5277633666992,2461.9528255462646,0.3105,2116.0,7491.37,success,2026-01-27T22:37:16.144948
LAION1M,128,200,1.4,0,500,997.5277633666992,2461.9528255462646,0.7312000000000001,1023.49,15495.41,success,2026-01-27T22:37:19.802881
LAION1M,128,200,1.4,0,1000,997.5277633666992,2461.9528255462646,0.9849,578.14,27464.43,success,2026-01-27T22:37:24.159433
LAION1M,128,200,1.4,0,2000,997.5277633666992,2461.9528255462646,0.996,323.8,49091.11,success,2026-01-27T22:37:29.898691
LAION1M,128,200,1.4,100,100,825.7824428081512,2460.7611141204834,0.1603,3452.96,4591.49,success,2026-01-27T22:51:19.414841
LAION1M,128,200,1.4,100,200,825.7824428081512,2460.7611141204834,0.31079999999999997,2130.21,7438.84,success,2026-01-27T22:51:22.488707
LAION1M,128,200,1.4,100,500,825.7824428081512,2460.7611141204834,0.7312000000000001,1031.66,15378.58,success,2026-01-27T22:51:26.126934
LAION1M,128,200,1.4,100,1000,825.7824428081512,2460.7611141204834,0.9849,572.91,27753.97,success,2026-01-27T22:51:30.489790
LAION1M,128,200,1.4,100,2000,825.7824428081512,2460.7611141204834,0.9958,321.86,49400.14,success,2026-01-27T22:51:36.229178
LAION1M,128,200,1.4,200,100,1002.761369228363,2461.954225540161,0.16010000000000002,3419.99,4634.76,success,2026-01-27T23:08:22.563546
LAION1M,128,200,1.4,200,200,1002.761369228363,2461.954225540161,0.3105,2115.15,7495.44,success,2026-01-27T23:08:25.690043
LAION1M,128,200,1.4,200,500,1002.761369228363,2461.954225540161,0.7314,1028.11,15426.93,success,2026-01-27T23:08:29.293832
LAION1M,128,200,1.4,200,1000,1002.761369228363,2461.954225540161,0.9849,579.03,27432.14,success,2026-01-27T23:08:33.681191
LAION1M,128,200,1.4,200,2000,1002.761369228363,2461.954225540161,0.9959,323.89,49094.88,success,2026-01-27T23:08:39.747331
