dataset,scenario,n_vectors,LID,RC,DF(mean_swd),label_card,label_entropy,best_recall_method,best_recall,best_qps@90_method,best_qps@90,top_methods
arxiv,and,132687,25.5,1.26,0.022,4231,7.36,SIEVE,1.0000,SIEVE,18375.1,SIEVE(1.000) > UNG(0.978) > Post-filter(0.971)
arxiv,or,132687,25.5,1.26,0.022,4231,7.36,ACORN-γ,1.0000,SIEVE,14660.8,ACORN-γ(1.000) > StitchedVamana(1.000) > Post-filter(1.000)
arxiv,equal,132687,25.5,1.26,0.022,4231,7.36,UNG,1.0000,UNG,25000.0,UNG(1.000) > Post-filter(0.995) > StitchedVamana(0.984)
yfcc,and,1000000,23.0,1.23,1.709,181931,12.29,SIEVE,0.9984,SIEVE,52430.1,SIEVE(0.998) > UNG(0.941) > Post-filter(0.875)
yfcc,or,1000000,23.0,1.23,1.709,181931,12.29,Post-filter,0.9989,SIEVE,25568.6,Post-filter(0.999) > ACORN-γ(0.999) > ACORN-1(0.997)
yfcc,equal,1000000,23.0,1.23,1.709,181931,12.29,UNG,1.0000,UNG,83333.3,UNG(1.000) > CAPS(0.835) > Post-filter(0.794)
LAION1M,and,1000448,36.3,1.22,0.008,30,3.81,UNG,0.9980,SIEVE,38292.6,UNG(0.998) > Post-filter(0.988) > SIEVE(0.988)
LAION1M,or,1000448,36.3,1.22,0.008,30,3.81,Post-filter,0.9993,SIEVE,20424.1,Post-filter(0.999) > ACORN-γ(0.997) > ACORN-1(0.997)
LAION1M,equal,1000448,36.3,1.22,0.008,30,3.81,UNG,0.9999,UNG,11236.0,UNG(1.000) > Post-filter(0.989) > ACORN-1(0.938)
tripclick,and,1055976,31.5,1.17,0.017,29,4.64,UNG,0.9893,SIEVE,16853.1,UNG(0.989) > SIEVE(0.989) > Post-filter(0.979)
tripclick,or,1055976,31.5,1.17,0.017,29,4.64,ACORN-γ,0.9999,SIEVE,7967.2,ACORN-γ(1.000) > Post-filter(1.000) > ACORN-1(1.000)
tripclick,equal,1055976,31.5,1.17,0.017,29,4.64,UNG,0.9999,UNG,4761.9,UNG(1.000) > Post-filter(0.971) > ACORN-1(0.949)
ytb_audio,and,5000000,20.5,1.35,0.016,3862,8.62,SIEVE,0.9690,SIEVE,12791.8,SIEVE(0.969) > UNG(0.916) > Post-filter(0.683)
ytb_audio,or,5000000,20.5,1.35,0.016,3862,8.62,Post-filter,0.9473,SIEVE,2521.7,Post-filter(0.947) > SIEVE(0.924) > ACORN-1(0.917)
ytb_audio,equal,5000000,20.5,1.35,0.016,3862,8.62,UNG,0.9950,UNG,38461.5,UNG(0.995) > CAPS(0.569) > Post-filter(0.555)
ytb_video,and,1000000,236.0,1.08,0.045,3862,8.62,UNG,0.8965,N/A,N/A,UNG(0.897) > SIEVE(0.845) > Post-filter(0.740)
ytb_video,or,1000000,236.0,1.08,0.045,3862,8.62,UNG,0.8100,N/A,N/A,UNG(0.810) > ACORN-γ(0.801) > Post-filter(0.774)
ytb_video,equal,1000000,236.0,1.08,0.045,3862,8.62,UNG,0.9845,UNG,7407.4,UNG(0.985) > Post-filter(0.718) > ACORN-1(0.645)
