dataset,scenario,UNG,ACORN-1,ACORN-γ,FilteredVamana,StitchedVamana,Post-filter,CAPS,SIEVE,Oracle,Best_Method
arxiv,and,0.9775,0.8775,0.861,0.928,0.9325,0.971,,1.0,1.0,SIEVE
arxiv,or,0.956,0.996,1.0,0.9955,1.0,1.0,,0.9985,1.0,ACORN-γ
arxiv,equal,1.0,0.9545,0.9235,0.9705,0.9835,0.9945,0.926,0.4915,1.0,UNG
yfcc,and,0.9412999999999999,0.7909,0.7257,0.8049,0.8073999999999999,0.8747,,0.9984,0.9984,SIEVE
yfcc,or,0.5757,0.9972,0.9985,0.9936,0.0,0.9989,,0.9871,0.9989,Post-filter
yfcc,equal,1.0,0.6107,0.4003,0.5715,0.5788,0.7938,0.8353,0.4812,1.0,UNG
LAION1M,and,0.998,0.9424,0.9202,0.5304,0.5314,0.988,,0.9875,0.998,UNG
LAION1M,or,0.9953,0.9967,0.997,0.5559000000000001,0.556,0.9993,,0.9805,0.9993,Post-filter
LAION1M,equal,0.9998999999999999,0.938,0.8972,0.5072,0.5075999999999999,0.9887,0.4663,0.5603,0.9998999999999999,UNG
tripclick,and,0.9893000000000001,0.9691,0.929,0.0866,0.0866,0.9787,,0.9886,0.9893000000000001,UNG
tripclick,or,0.9863,0.9995,0.9999,0.1288,0.1288,0.9999,,0.9928,0.9999,ACORN-γ
tripclick,equal,0.9998999999999999,0.9489,0.9247,0.0721,0.0721,0.9708,0.1995,0.8001,0.9998999999999999,UNG
ytb_audio,and,0.9158,0.5668,0.4718,0.3318,0.5272,0.6829,,0.969,0.969,SIEVE
ytb_audio,or,0.7264,0.9173,0.9022,0.4216,0.7696999999999999,0.9473,,0.9243,0.9473,Post-filter
ytb_audio,equal,0.995,0.4184,0.3424,0.2994,0.4587,0.555,0.5688,0.3953,0.995,UNG
ytb_video,and,0.8965000000000001,0.6315,0.5215,0.494,0.598,0.7395,,0.845,0.8965000000000001,UNG
ytb_video,or,0.81,0.723,0.8015,0.5815,0.7145,0.7745,,0.574,0.81,UNG
ytb_video,equal,0.9845,0.6455,0.495,0.45,0.591,0.7175,0.4525,0.428,0.9845,UNG
