params,build_time_s,index_size_mb,L,QPS,Recall@10
K=100_L=100_iter=12_S=10_R=100_RANGE=20_PL=150_B=0.4_M=1,59.93,71.62,20,36544.5,0.7443
K=100_L=100_iter=12_S=10_R=100_RANGE=20_PL=150_B=0.4_M=1,59.93,71.62,50,25746.8,0.8301
K=100_L=100_iter=12_S=10_R=100_RANGE=20_PL=150_B=0.4_M=1,59.93,71.62,70,19819.1,0.8448
K=100_L=100_iter=12_S=10_R=100_RANGE=20_PL=150_B=0.4_M=1,59.93,71.62,100,10887.3,0.8556
K=100_L=100_iter=12_S=10_R=100_RANGE=20_PL=150_B=0.4_M=1,59.93,71.62,130,12046.7,0.8623
K=100_L=100_iter=12_S=10_R=100_RANGE=20_PL=150_B=0.4_M=1,59.93,71.62,150,10691.3,0.8642
K=100_L=100_iter=12_S=10_R=100_RANGE=20_PL=150_B=0.4_M=1,59.93,71.62,250,6892.27,0.8751
K=100_L=100_iter=12_S=10_R=100_RANGE=20_PL=150_B=0.4_M=1,59.93,71.62,400,4548.9,0.8852
K=100_L=100_iter=12_S=10_R=100_RANGE=20_PL=150_B=0.4_M=1,59.93,71.62,500,3756.12,0.8877
K=100_L=100_iter=12_S=10_R=100_RANGE=20_PL=150_B=0.4_M=1,59.93,71.62,600,3185.62,0.8933
K=100_L=100_iter=12_S=10_R=100_RANGE=20_PL=150_B=0.4_M=1,59.93,71.62,800,2386.85,0.8962
K=100_L=100_iter=12_S=10_R=100_RANGE=20_PL=150_B=0.4_M=1,59.93,71.62,1200,1595.67,0.9024
K=100_L=100_iter=12_S=10_R=200_RANGE=20_PL=250_B=0.4_M=1,61.14,71.93,20,35553.5,0.7515
K=100_L=100_iter=12_S=10_R=200_RANGE=20_PL=250_B=0.4_M=1,61.14,71.93,50,25472.8,0.8302
K=100_L=100_iter=12_S=10_R=200_RANGE=20_PL=250_B=0.4_M=1,61.14,71.93,70,19802.1,0.8439
K=100_L=100_iter=12_S=10_R=200_RANGE=20_PL=250_B=0.4_M=1,61.14,71.93,100,14939.3,0.8556
K=100_L=100_iter=12_S=10_R=200_RANGE=20_PL=250_B=0.4_M=1,61.14,71.93,130,12016.4,0.8611
K=100_L=100_iter=12_S=10_R=200_RANGE=20_PL=250_B=0.4_M=1,61.14,71.93,150,10645.4,0.8638
K=100_L=100_iter=12_S=10_R=200_RANGE=20_PL=250_B=0.4_M=1,61.14,71.93,250,6866.75,0.8749
K=100_L=100_iter=12_S=10_R=200_RANGE=20_PL=250_B=0.4_M=1,61.14,71.93,400,4526.09,0.8828
K=100_L=100_iter=12_S=10_R=200_RANGE=20_PL=250_B=0.4_M=1,61.14,71.93,500,3731.58,0.8872
K=100_L=100_iter=12_S=10_R=200_RANGE=20_PL=250_B=0.4_M=1,61.14,71.93,600,3173.95,0.8909
K=100_L=100_iter=12_S=10_R=200_RANGE=20_PL=250_B=0.4_M=1,61.14,71.93,800,2394.11,0.8941
K=100_L=100_iter=12_S=10_R=200_RANGE=20_PL=250_B=0.4_M=1,61.14,71.93,1200,1595.31,0.899
K=100_L=100_iter=12_S=10_R=300_RANGE=20_PL=350_B=0.4_M=1,61.76,72.01,20,51463.7,0.7509
K=100_L=100_iter=12_S=10_R=300_RANGE=20_PL=350_B=0.4_M=1,61.76,72.01,50,29931.1,0.8303
K=100_L=100_iter=12_S=10_R=300_RANGE=20_PL=350_B=0.4_M=1,61.76,72.01,70,23257,0.8453
K=100_L=100_iter=12_S=10_R=300_RANGE=20_PL=350_B=0.4_M=1,61.76,72.01,100,17272.5,0.8569
K=100_L=100_iter=12_S=10_R=300_RANGE=20_PL=350_B=0.4_M=1,61.76,72.01,130,14002.7,0.8638
K=100_L=100_iter=12_S=10_R=300_RANGE=20_PL=350_B=0.4_M=1,61.76,72.01,150,12394.7,0.8657
K=100_L=100_iter=12_S=10_R=300_RANGE=20_PL=350_B=0.4_M=1,61.76,72.01,250,7891.07,0.8772
K=100_L=100_iter=12_S=10_R=300_RANGE=20_PL=350_B=0.4_M=1,61.76,72.01,400,5167.91,0.885
K=100_L=100_iter=12_S=10_R=300_RANGE=20_PL=350_B=0.4_M=1,61.76,72.01,500,4154.57,0.8871
K=100_L=100_iter=12_S=10_R=300_RANGE=20_PL=350_B=0.4_M=1,61.76,72.01,600,3421.23,0.8909
K=100_L=100_iter=12_S=10_R=300_RANGE=20_PL=350_B=0.4_M=1,61.76,72.01,800,2473.34,0.8937
K=100_L=100_iter=12_S=10_R=300_RANGE=20_PL=350_B=0.4_M=1,61.76,72.01,1200,1619,0.8975
K=200_L=200_iter=12_S=15_R=200_RANGE=40_PL=150_B=0.6_M=1,93.83,107.10,20,38526.2,0.8278
K=200_L=200_iter=12_S=15_R=200_RANGE=40_PL=150_B=0.6_M=1,93.83,107.10,50,20799.8,0.8898
K=200_L=200_iter=12_S=15_R=200_RANGE=40_PL=150_B=0.6_M=1,93.83,107.10,70,15993.7,0.9048
K=200_L=200_iter=12_S=15_R=200_RANGE=40_PL=150_B=0.6_M=1,93.83,107.10,100,11927.8,0.9154
K=200_L=200_iter=12_S=15_R=200_RANGE=40_PL=150_B=0.6_M=1,93.83,107.10,130,7220.36,0.9225
K=200_L=200_iter=12_S=15_R=200_RANGE=40_PL=150_B=0.6_M=1,93.83,107.10,150,8387.51,0.9304
K=200_L=200_iter=12_S=15_R=200_RANGE=40_PL=150_B=0.6_M=1,93.83,107.10,250,5334.46,0.9392
K=200_L=200_iter=12_S=15_R=200_RANGE=40_PL=150_B=0.6_M=1,93.83,107.10,400,3511.96,0.948
K=200_L=200_iter=12_S=15_R=200_RANGE=40_PL=150_B=0.6_M=1,93.83,107.10,500,2857.68,0.9533
K=200_L=200_iter=12_S=15_R=200_RANGE=40_PL=150_B=0.6_M=1,93.83,107.10,600,2350.45,0.9555
K=200_L=200_iter=12_S=15_R=200_RANGE=40_PL=150_B=0.6_M=1,93.83,107.10,800,1754.81,0.9585
K=200_L=200_iter=12_S=15_R=200_RANGE=40_PL=150_B=0.6_M=1,93.83,107.10,1200,1178.17,0.9633
K=200_L=200_iter=12_S=15_R=300_RANGE=40_PL=250_B=0.6_M=1,94.78,107.36,20,35400.2,0.8383
K=200_L=200_iter=12_S=15_R=300_RANGE=40_PL=250_B=0.6_M=1,94.78,107.36,50,19109.3,0.8943
K=200_L=200_iter=12_S=15_R=300_RANGE=40_PL=250_B=0.6_M=1,94.78,107.36,70,14554.5,0.9082
K=200_L=200_iter=12_S=15_R=300_RANGE=40_PL=250_B=0.6_M=1,94.78,107.36,100,10827.7,0.9147
K=200_L=200_iter=12_S=15_R=300_RANGE=40_PL=250_B=0.6_M=1,94.78,107.36,130,8658.54,0.9208
K=200_L=200_iter=12_S=15_R=300_RANGE=40_PL=250_B=0.6_M=1,94.78,107.36,150,7653.31,0.9289
K=200_L=200_iter=12_S=15_R=300_RANGE=40_PL=250_B=0.6_M=1,94.78,107.36,250,4373.37,0.9366
K=200_L=200_iter=12_S=15_R=300_RANGE=40_PL=250_B=0.6_M=1,94.78,107.36,400,3225.83,0.9458
K=200_L=200_iter=12_S=15_R=300_RANGE=40_PL=250_B=0.6_M=1,94.78,107.36,500,2640.13,0.9513
K=200_L=200_iter=12_S=15_R=300_RANGE=40_PL=250_B=0.6_M=1,94.78,107.36,600,2230.01,0.9559
K=200_L=200_iter=12_S=15_R=300_RANGE=40_PL=250_B=0.6_M=1,94.78,107.36,800,1686.38,0.9587
K=200_L=200_iter=12_S=15_R=300_RANGE=40_PL=250_B=0.6_M=1,94.78,107.36,1200,1150.43,0.9636
